Brand,Line,Series,Price_Segmentation,SKU
Acer,Acer A315-3X,A315-31,Dưới 8 triệu,1702434
Acer,Acer A315-3X,A315-31,Dưới 8 triệu,1702435
Acer,Acer A315-3X,A315-31,Dưới 8 triệu,1703234
Acer,Acer A315-3X,A315-31,Dưới 8 triệu,1809296
Acer,Acer A315-3X,A315-31,Dưới 8 triệu,19010030
Acer,Acer A315-3X,A315-32,Dưới 8 triệu,1807402
Acer,Acer A315-3X,A315-32,Dưới 8 triệu,1810562
Acer,Acer A315-5X,A315-51,Từ 08 đến 10 triệu,1702784
Acer,Acer A315-5X,A315-51,Từ 08 đến 10 triệu,1800277
Acer,Acer A315-5X,A315-51,Từ 08 đến 10 triệu,1800278
Acer,Acer A315-5X,A315-51,Từ 08 đến 10 triệu,1807403
Acer,Acer A315-5X,A315-51,Từ 10 đến 12 triệu,1702412
Acer,Acer A315-5X,A315-51,Từ 10 đến 12 triệu,1702925
Acer,Acer A315-5X,A315-51,Từ 10 đến 12 triệu,1703453
Acer,Acer A315-5X,A315-51,Từ 12 đến 14 triệu,1702937
Acer,Acer A315-5X,A315-53,Từ 08 đến 10 triệu,1810454
Acer,Acer A315-5X,A315-53,Từ 10 đến 12 triệu,1808442
Acer,Acer A315-5X,A315-53,Từ 12 đến 14 triệu,1809603
Acer,Acer A514-5X,A514-51,Từ 10 đến 12 triệu,19020002
Acer,Acer A514-5X,A514-51,Từ 10 đến 12 triệu,19030366
Acer,Acer A514-5X,A514-51,Từ 12 đến 14 triệu,19010029
Acer,Acer A514-5X,A514-51,Từ 14 đến 16 triệu,19010020
Acer,Acer A515-5X,A515-51,Từ 08 đến 10 triệu,1800467
Acer,Acer A515-5X,A515-51,Từ 10 đến 12 triệu,1702104
Acer,Acer A515-5X,A515-51,Từ 10 đến 12 triệu,1703454
Acer,Acer A515-5X,A515-51,Từ 12 đến 14 triệu,1702938
Acer,Acer A515-5X,A515-51,Từ 12 đến 14 triệu,1702939
Acer,Acer A515-5X,A515-51,Từ 12 đến 14 triệu,1800468
Acer,Acer A515-5X,A515-51,Từ 14 đến 16 triệu,1702102
Acer,Acer A515-5X,A515-51,Từ 14 đến 16 triệu,1702103
Acer,Acer A515-5X,A515-51,Từ 14 đến 16 triệu,1703451
Acer,Acer A515-5X,A515-51,Từ 14 đến 16 triệu,1703468
Acer,Acer A515-5X,A515-51,Từ 14 đến 16 triệu,1807393
Acer,Acer A515-5X,A515-52,Từ 16 đến 18 triệu,18120165
Acer,Acer A515-5X,A515-53,Dưới 8 triệu,19030365
Acer,Acer A515-5X,A515-53,Từ 10 đến 12 triệu,19020004
Acer,Acer A515-5X,A515-53,Từ 12 đến 14 triệu,19020313
Acer,Acer A515-5X,A515-53,Từ 14 đến 16 triệu,19010018
Acer,Acer A515-5X,A515-53,Từ 14 đến 16 triệu,19010019
Acer,Acer A515-5X,A515-53,Từ 14 đến 16 triệu,19010028
Acer,Acer A515-5X,A515-53,Từ 16 đến 18 triệu,19020003
Acer,Acer A715-7X,A715-71,Từ 16 đến 18 triệu,1703210
Acer,Acer A715-7X,A715-71,Từ 18 đến 20 triệu,1703212
Acer,Acer A715-7X,A715-72,Từ 18 đến 20 triệu,1807404
Acer,Acer A717-7X,A717-72,Từ 20 đến 22 triệu,1810764
Acer,Acer E5-4XX,E5-475,Từ 08 đến 10 triệu,1701256
Acer,Acer E5-4XX,E5-475,Từ 08 đến 10 triệu,1702195
Acer,Acer E5-4XX,E5-475,Từ 12 đến 14 triệu,1702801
Acer,Acer E5-4XX,E5-476,Từ 08 đến 10 triệu,1809166
Acer,Acer E5-4XX,E5-476,Từ 08 đến 10 triệu,19020314
Acer,Acer E5-4XX,E5-476,Từ 12 đến 14 triệu,1702985
Acer,Acer E5-4XX,E5-476,Từ 12 đến 14 triệu,18110440
Acer,Acer E5-57X,E5-575,Dưới 8 triệu,1700852
Acer,Acer E5-57X,E5-575,Dưới 8 triệu,1700950
Acer,Acer E5-57X,E5-575,Dưới 8 triệu,1701054
Acer,Acer E5-57X,E5-575,Dưới 8 triệu,1701576
Acer,Acer E5-57X,E5-575,Từ 08 đến 10 triệu,1701255
Acer,Acer E5-57X,E5-575,Từ 08 đến 10 triệu,1702194
Acer,Acer E5-57X,E5-575,Từ 10 đến 12 triệu,1603521
Acer,Acer E5-57X,E5-575,Từ 10 đến 12 triệu,1603671
Acer,Acer E5-57X,E5-575,Từ 10 đến 12 triệu,1701035
Acer,Acer E5-57X,E5-575,Từ 12 đến 14 triệu,1700951
Acer,Acer E5-57X,E5-575,Từ 14 đến 16 triệu,1800866
Acer,Acer E5-57X,E5-576,Từ 10 đến 12 triệu,1809229
Acer,Acer E5-57X,E5-576,Từ 12 đến 14 triệu,1703235
Acer,Acer E5-57X,E5-576,Từ 12 đến 14 triệu,1703236
Acer,Acer E5-57X,E5-576,Từ 12 đến 14 triệu,1704887
Acer,Acer E5-57X,E5-576,Từ 12 đến 14 triệu,1805045
Acer,Acer E5-57X,E5-576,Từ 12 đến 14 triệu,1809165
Acer,Acer E5-57X,E5-576,Từ 12 đến 14 triệu,1810770
Acer,Acer E5-57X,E5-576,Từ 14 đến 16 triệu,1805044
Acer,Acer E5-57X,E5-576,Từ 14 đến 16 triệu,1809294
Acer,Acer E5-57X,E5-576,Từ 16 đến 18 triệu,1703208
Acer,Acer E5-57X,E5-576,Từ 16 đến 18 triệu,1704886
Acer,Acer E5-57X,E5-576,Từ 16 đến 18 triệu,1809295
Acer,Acer ES1-xxx,ES1-132,Dưới 8 triệu,1700751
Acer,Acer ES1-xxx,ES1-132,Dưới 8 triệu,1703452
Acer,Acer ES1-xxx,ES1-432,Dưới 8 triệu,1703040
Acer,Acer ES1-xxx,ES1-533,Dưới 8 triệu,1700167
Acer,Acer ES1-xxx,ES1-533,Dưới 8 triệu,1701575
Acer,Acer ES1-xxx,ES1-533,Dưới 8 triệu,1800469
Acer,Acer ES1-xxx,ES1-572,Dưới 8 triệu,1700772
Acer,Acer khác,F5-573,Dưới 8 triệu,1700803
Acer,Acer khác,F5-573,Từ 08 đến 10 triệu,1603740
Acer,Acer khác,R3-131T,Dưới 8 triệu,1603509
Acer,Acer khác,R3-131T,Dưới 8 triệu,1603574
Acer,Acer khác,S5-371,Từ 14 đến 16 triệu,1603277
Acer,Acer khác,SA5-271,Từ 16 đến 18 triệu,1701574
Acer,Acer khác,SA5-271,Từ 20 đến 22 triệu,1603075
Acer,Acer khác,V3-371,Dưới 8 triệu,1702049
Acer,Acer khác,V3-371,Dưới 8 triệu,1702050
Acer,Acer khác,VX5-591,Từ 18 đến 20 triệu,1700896
Acer,Acer khác,VX5-591,Từ 20 đến 22 triệu,1700773
Acer,Acer Nitro 5 AN5XX,Nitro 5 AN515-51,Từ 18 đến 20 triệu,1702429
Acer,Acer Nitro 5 AN5XX,Nitro 5 AN515-51,Từ 18 đến 20 triệu,1800279
Acer,Acer Nitro 5 AN5XX,Nitro 5 AN515-51,Từ 20 đến 22 triệu,1703466
Acer,Acer Nitro 5 AN5XX,Nitro 5 AN515-51,Từ 22 đến 24 triệu,1702823
Acer,Acer Nitro 5 AN5XX,Nitro 5 AN515-51,Từ 22 đến 24 triệu,1805406
Acer,Acer Nitro 5 AN5XX,Nitro 5 AN515-51,Từ 24 đến 26 triệu,1705051
Acer,Acer Nitro 5 AN5XX,Nitro 5 AN515-52,Từ 20 đến 22 triệu,1800795
Acer,Acer Nitro 5 AN5XX,Nitro 5 AN515-52,Từ 20 đến 22 triệu,1805404
Acer,Acer Nitro 5 AN5XX,Nitro 5 AN515-52,Từ 22 đến 24 triệu,1807469
Acer,Acer Nitro 5 AN5XX,Nitro 5 AN515-52,Từ 24 đến 26 triệu,1805405
Acer,Acer Nitro 5 AN5XX,Nitro 5 AN515-52,Từ 24 đến 26 triệu,18120245
Acer,Acer Nitro 5 AN5XX,Nitro 5 AN515-52,Từ 26 đến 28 triệu,18110383
Acer,Acer Nitro 5 AN5XX,Nitro VN7-593,Từ 28 đến 30 triệu,1702230
Acer,Acer PT 515-5x,PT515-51,Dưới 8 triệu,19010171
Acer,Acer PT 515-5x,PT515-51,Trên 30 triệu,19010156
Acer,Acer PH 315-5x,PH315-51,Trên 30 triệu,1805415
Acer,Acer PH 315-5x,PH315-51,Trên 30 triệu,1807407
Acer,Acer PH 315-5x,PH315-51,Trên 30 triệu,1807623
Acer,Acer PH 517-5x,PH517-51,Trên 30 triệu,1806186
Acer,Acer PH 517-5x,PH517-51,Trên 30 triệu,1806187
Acer,Acer SF114-3x,SF114-32,Từ 08 đến 10 triệu,18120304
Acer,Acer SF114-3x,SF114-32,Từ 08 đến 10 triệu,18120305
Acer,Acer SF114-3x,SF114-32,Từ 10 đến 12 triệu,1807395
Acer,Acer SF114-3x,SF114-32,Từ 10 đến 12 triệu,1809506
Acer,Acer SF313-5x,SF313-51,Dưới 8 triệu,19030302
Acer,Acer SF314-5x,SF314-51,Dưới 8 triệu,1700128
Acer,Acer SF314-5x,SF314-51,Dưới 8 triệu,1701053
Acer,Acer SF314-5x,SF314-51,Dưới 8 triệu,1701987
Acer,Acer SF314-5x,SF314-51,Từ 16 đến 18 triệu,19010071
Acer,Acer SF314-5x,SF314-52,Từ 14 đến 16 triệu,1703467
Acer,Acer SF314-5x,SF314-52,Từ 16 đến 18 triệu,1702989
Acer,Acer SF314-5x,SF314-54,Từ 14 đến 16 triệu,18120167
Acer,Acer SF314-5x,SF314-54,Từ 16 đến 18 triệu,1807397
Acer,Acer SF314-5x,SF314-54,Từ 16 đến 18 triệu,1807626
Acer,Acer SF314-5x,SF314-54,Từ 20 đến 22 triệu,1807396
Acer,Acer SF314-5x,SF314-55,Dưới 8 triệu,1810572
Acer,Acer SF314-5x,SF314-55,Dưới 8 triệu,1810765
Acer,Acer SF315-5x,SF315-51,Từ 14 đến 16 triệu,1810455
Acer,Acer SF315-5x,SF315-51,Từ 16 đến 18 triệu,1702785
Acer,Acer SF315-5x,SF315-51,Từ 18 đến 20 triệu,1703209
Acer,Acer SF315-5x,SF315-51,Từ 18 đến 20 triệu,1805025
Acer,Acer SF315-5x,SF315-52,Từ 12 đến 14 triệu,1808444
Acer,Acer SF315-5x,SF315-52,Từ 14 đến 16 triệu,1808443
Acer,Acer SF315-5x,SF315-52,Từ 16 đến 18 triệu,1807394
Acer,Acer SF315-5x,SF315-52,Từ 18 đến 20 triệu,1810463
Acer,Acer SF514-5x,SF514-51,Từ 16 đến 18 triệu,1701420
Acer,Acer SF514-5x,SF514-51,Từ 18 đến 20 triệu,1603632
Acer,Acer SF514-5x,SF514-51,Từ 20 đến 22 triệu,1603631
Acer,Acer SF514-5x,SF514-52T,Dưới 8 triệu,1805386
Acer,Acer SF514-5x,SF514-52T,Dưới 8 triệu,1805387
Acer,Acer SF514-5x,SF514-52T,Từ 24 đến 26 triệu,1800170
Acer,Acer SF514-5x,SF514-52T,Từ 24 đến 26 triệu,1805382
Acer,Acer SF514-5x,SF514-52T,Từ 26 đến 28 triệu,1800171
Acer,Acer SF514-5x,SF514-52T,Từ 26 đến 28 triệu,1805451
Acer,Acer SF514-5x,SF514-53T,Dưới 8 triệu,1809555
Acer,Acer SF514-5x,SF514-53T,Từ 24 đến 26 triệu,18120242
Acer,Acer SF514-5x,SF514-53T,Từ 24 đến 26 triệu,18120243
Acer,Acer SF514-5x,SF514-53T,Từ 28 đến 30 triệu,18110382
Acer,Acer SF514-5x,SF514-53T,Từ 28 đến 30 triệu,18120241
Acer,Acer SF515-5x,SF515-51,Dưới 8 triệu,19010015
Acer,Acer SF515-5x,SF515-51,Dưới 8 triệu,19010016
Acer,Acer SF515-5x,SF515-51,Dưới 8 triệu,19010017
Acer,Acer SP111-3x,SP111-31,Từ 08 đến 10 triệu,1800834
Acer,Acer SP314-5x,SP314-51,Từ 12 đến 14 triệu,1800172
Acer,Acer SP314-5x,SP314-51,Từ 14 đến 16 triệu,1800173
Acer,Acer SP314-5x,SP314-51,Từ 16 đến 18 triệu,1810659
Acer,Acer SP513-5x,SP513-52,Từ 20 đến 22 triệu,1705052
Acer,Acer SP513-5x,SP513-52,Từ 20 đến 22 triệu,1805026
Acer,Acer SP513-5x,SP513-52,Từ 28 đến 30 triệu,1810660
Acer,Acer SW512-5x,SW512-52,Từ 26 đến 28 triệu,1809554
Asus,Asus A41x,A411,Dưới 8 triệu,19030239
Asus,Asus A41x,A411,Từ 10 đến 12 triệu,1801021
Asus,Asus A41x,A411,Từ 10 đến 12 triệu,1801028
Asus,Asus A41x,A411,Từ 10 đến 12 triệu,1809505
Asus,Asus A41x,A411,Từ 10 đến 12 triệu,18110259
Asus,Asus A41x,A411,Từ 10 đến 12 triệu,19010166
Asus,Asus A41x,A411,Từ 10 đến 12 triệu,19010167
Asus,Asus A41x,A411,Từ 12 đến 14 triệu,1805179
Asus,Asus A41x,A411,Từ 12 đến 14 triệu,1805407
Asus,Asus A41x,A411,Từ 12 đến 14 triệu,1809642
Asus,Asus A41x,A411,Từ 12 đến 14 triệu,19020127
Asus,Asus A41x,A411,Từ 12 đến 14 triệu,19020128
Asus,Asus A41x,A411,Từ 14 đến 16 triệu,19030238
Asus,Asus A44x,A441,Từ 08 đến 10 triệu,1702370
Asus,Asus A51x,A510,Dưới 8 triệu,19030343
Asus,Asus A51x,A510,Từ 08 đến 10 triệu,1808024
Asus,Asus A51x,A510,Từ 10 đến 12 triệu,1807461
Asus,Asus A51x,A510,Từ 10 đến 12 triệu,1807475
Asus,Asus A51x,A510,Từ 10 đến 12 triệu,1809021
Asus,Asus A51x,A510,Từ 10 đến 12 triệu,18110294
Asus,Asus A51x,A510,Từ 10 đến 12 triệu,19010168
Asus,Asus A51x,A510,Từ 12 đến 14 triệu,1801019
Asus,Asus A51x,A510,Từ 12 đến 14 triệu,1801020
Asus,Asus A51x,A510,Từ 12 đến 14 triệu,1801022
Asus,Asus A51x,A510,Từ 12 đến 14 triệu,1801026
Asus,Asus A51x,A510,Từ 12 đến 14 triệu,1809531
Asus,Asus A51x,A510,Từ 12 đến 14 triệu,1810123
Asus,Asus A51x,A510,Từ 12 đến 14 triệu,19020129
Asus,Asus A51x,A510,Từ 14 đến 16 triệu,1810561
Asus,Asus A51x,A510,Từ 14 đến 16 triệu,1810912
Asus,Asus A51x,A510,Từ 16 đến 18 triệu,1805180
Asus,Asus A51x,A510,Từ 16 đến 18 triệu,1806212
Asus,Asus A51x,A510,Từ 16 đến 18 triệu,1809643
Asus,Asus A51x,A510,Từ 18 đến 20 triệu,19030240
Asus,Asus A54x,A540,Từ 10 đến 12 triệu,1701721
Asus,Asus A55x,A556,Dưới 8 triệu,1700173
Asus,Asus A55x,A556,Dưới 8 triệu,1701524
Asus,Asus A55x,A556,Dưới 8 triệu,1701700
Asus,Asus B944x,B9440,Từ 26 đến 28 triệu,18110263
Asus,Asus B944x,B9440,Trên 30 triệu,18110264
Asus,Asus E20x,E203,Dưới 8 triệu,1806211
Asus,Asus E20x,E203,Dưới 8 triệu,1808023
Asus,Asus E40x,E402,Dưới 8 triệu,1701423
Asus,Asus E40x,E402,Dưới 8 triệu,1701452
Asus,Asus E40x,E402,Dưới 8 triệu,1703096
Asus,Asus E50x,E502,Dưới 8 triệu,1702020
Asus,Asus F56x,F560,Từ 16 đến 18 triệu,19030189
Asus,Asus F57x,F570,Từ 14 đến 16 triệu,19030065
Asus,Asus FX50x,FX503,Từ 20 đến 22 triệu,1703042
Asus,Asus FX50x,FX503,Từ 24 đến 26 triệu,1702927
Asus,Asus FX50x,FX503,Từ 24 đến 26 triệu,1800926
Asus,Asus FX50x,FX504,Từ 18 đến 20 triệu,1808494
Asus,Asus FX50x,FX504,Từ 20 đến 22 triệu,1807601
Asus,Asus FX50x,FX504,Từ 22 đến 24 triệu,1800927
Asus,Asus FX50x,FX504,Từ 22 đến 24 triệu,1806208
Asus,Asus FX50x,FX504,Từ 24 đến 26 triệu,1805177
Asus,Asus FX50x,FX504,Từ 24 đến 26 triệu,1808465
Asus,Asus FX50x,FX504,Trên 30 triệu,18110295
Asus,Asus FX50x,FX505,Dưới 8 triệu,19020038
Asus,Asus FX50x,FX505,Dưới 8 triệu,19030104
Asus,Asus FX50x,FX505,Dưới 8 triệu,19030237
Asus,Asus FX50x,FX505,Từ 22 đến 24 triệu,19010008
Asus,Asus FX50x,FX505,Từ 24 đến 26 triệu,19010288
Asus,Asus FX50x,FX505,Từ 24 đến 26 triệu,19020020
Asus,Asus FX50x,FX505,Từ 26 đến 28 triệu,19010012
Asus,Asus FX50x,FX505,Trên 30 triệu,19030105
Asus,Asus FX55x,FX553,Dưới 8 triệu,1701096
Asus,Asus FX70x,FX705,Dưới 8 triệu,19030241
Asus,Asus FX70x,FX705,Từ 28 đến 30 triệu,19010040
Asus,Asus G7xx,G752,Dưới 8 triệu,1701827
Asus,Asus GL50x,GL503,Từ 26 đến 28 triệu,1703180
Asus,Asus GL50x,GL503,Từ 28 đến 30 triệu,1806204
Asus,Asus GL50x,GL503,Trên 30 triệu,1703121
Asus,Asus GL50x,GL503,Trên 30 triệu,1800429
Asus,Asus GL50x,GL504,Trên 30 triệu,1809504
Asus,Asus GL50x,GL504,Trên 30 triệu,19010037
Asus,Asus GL55x,GL553,Dưới 8 triệu,1700962
Asus,Asus GL55x,GL553,Dưới 8 triệu,1700964
Asus,Asus GL55x,GL553,Dưới 8 triệu,1701401
Asus,Asus GL55x,GL553,Dưới 8 triệu,1702343
Asus,Asus GL70X,GL702,Dưới 8 triệu,1701604
Asus,Asus GL70X,GL703,Dưới 8 triệu,1806206
Asus,Asus GL70X,GL703,Dưới 8 triệu,1807646
Asus,Asus GL70X,GL703,Dưới 8 triệu,19030453
Asus,Asus GL70X,GL703,Từ 26 đến 28 triệu,1703318
Asus,Asus GL70X,GL703,Từ 28 đến 30 triệu,1806165
Asus,Asus GL75X,GL753,Dưới 8 triệu,1701605
Asus,Asus GX5XX,GX531,Dưới 8 triệu,19030454
Asus,Asus GX5XX,GX531,Trên 30 triệu,19010009
Asus,Asus GX80x,GX800,Dưới 8 triệu,1700880
Asus,Asus K40x,K401,Dưới 8 triệu,1700036
Asus,Asus K40x,K401,Dưới 8 triệu,1700129
Asus,Asus K45x,K455,Từ 12 đến 14 triệu,1502002
Asus,Asus K55x,K550,Dưới 8 triệu,1700037
Asus,Asus khác,X555,Từ 10 đến 12 triệu,1601075
Asus,Asus khác,X555,Từ 12 đến 14 triệu,1600878
Asus,Asus P144x,P1440,Dưới 8 triệu,19010010
Asus,Asus P144x,P1440,Dưới 8 triệu,19010011
Asus,Asus S3XX,S330,Dưới 8 triệu,19030167
Asus,Asus S3XX,S330,Dưới 8 triệu,19030350
Asus,Asus S3XX,S330,Từ 14 đến 16 triệu,1809025
Asus,Asus S3XX,S330,Từ 14 đến 16 triệu,1809026
Asus,Asus S3XX,S330,Từ 16 đến 18 triệu,1809214
Asus,Asus S3XX,S330,Từ 16 đến 18 triệu,1809215
Asus,Asus S3XX,S330,Từ 20 đến 22 triệu,1809181
Asus,Asus S4XX,S410,Từ 12 đến 14 triệu,1703194
Asus,Asus S4XX,S410,Từ 12 đến 14 triệu,1806167
Asus,Asus S4XX,S410,Từ 14 đến 16 triệu,1703191
Asus,Asus S4XX,S410,Từ 16 đến 18 triệu,1703193
Asus,Asus S4XX,S410,Từ 16 đến 18 triệu,1800929
Asus,Asus S4XX,S410,Từ 18 đến 20 triệu,1703192
Asus,Asus S4XX,S410,Từ 18 đến 20 triệu,1800928
Asus,Asus S4XX,S410,Từ 18 đến 20 triệu,1810993
Asus,Asus S4XX,S430,Dưới 8 triệu,19030049
Asus,Asus S4XX,S430,Dưới 8 triệu,19030166
Asus,Asus S4XX,S430,Từ 12 đến 14 triệu,1809102
Asus,Asus S4XX,S430,Từ 12 đến 14 triệu,1809103
Asus,Asus S4XX,S430,Từ 12 đến 14 triệu,1810992
Asus,Asus S4XX,S430,Từ 12 đến 14 triệu,18110012
Asus,Asus S4XX,S430,Từ 12 đến 14 triệu,19010290
Asus,Asus S4XX,S430,Từ 14 đến 16 triệu,1809108
Asus,Asus S4XX,S430,Từ 14 đến 16 triệu,1809111
Asus,Asus S4XX,S430,Từ 14 đến 16 triệu,19010041
Asus,Asus S4XX,S430,Từ 14 đến 16 triệu,19030455
Asus,Asus S4XX,S430,Từ 16 đến 18 triệu,1809112
Asus,Asus S4XX,S430,Từ 16 đến 18 triệu,1809113
Asus,Asus S4XX,S430,Từ 16 đến 18 triệu,19010170
Asus,Asus S4XX,S430,Từ 16 đến 18 triệu,19030048
Asus,Asus S4XX,S430,Từ 18 đến 20 triệu,1810449
Asus,Asus S4XX,S430,Từ 20 đến 22 triệu,1810450
Asus,Asus S4XX,S430,Từ 20 đến 22 triệu,19010169
Asus,Asus S5XX,S510,Dưới 8 triệu,1701860
Asus,Asus S5XX,S510,Dưới 8 triệu,1701861
Asus,Asus S5XX,S510,Dưới 8 triệu,1702018
Asus,Asus S5XX,S510,Dưới 8 triệu,1702231
Asus,Asus S5XX,S510,Dưới 8 triệu,1702430
Asus,Asus S5XX,S510,Dưới 8 triệu,1702642
Asus,Asus S5XX,S510,Dưới 8 triệu,1806209
Asus,Asus S5XX,S510,Dưới 8 triệu,1806210
Asus,Asus S5XX,S510,Dưới 8 triệu,1807647
Asus,Asus S5XX,S510,Dưới 8 triệu,1807648
Asus,Asus S5XX,S510,Từ 10 đến 12 triệu,1702604
Asus,Asus S5XX,S510,Từ 12 đến 14 triệu,1702567
Asus,Asus S5XX,S510,Từ 12 đến 14 triệu,1703036
Asus,Asus S5XX,S510,Từ 12 đến 14 triệu,1807399
Asus,Asus S5XX,S510,Từ 14 đến 16 triệu,1703043
Asus,Asus S5XX,S510,Từ 16 đến 18 triệu,1702342
Asus,Asus S5XX,S510,Từ 16 đến 18 triệu,1703120
Asus,Asus S5XX,S510,Từ 16 đến 18 triệu,1805182
Asus,Asus S5XX,S510,Từ 18 đến 20 triệu,1703122
Asus,Asus S5XX,S510,Từ 18 đến 20 triệu,1805181
Asus,Asus S5XX,S510,Từ 20 đến 22 triệu,1807400
Asus,Asus S5XX,S510,Từ 22 đến 24 triệu,1800931
Asus,Asus S5XX,S530,Dưới 8 triệu,19030170
Asus,Asus S5XX,S530,Dưới 8 triệu,19030171
Asus,Asus S5XX,S530,Dưới 8 triệu,19030172
Asus,Asus S5XX,S530,Dưới 8 triệu,19030351
Asus,Asus S5XX,S530,Dưới 8 triệu,19030352
Asus,Asus S5XX,S530,Từ 12 đến 14 triệu,1809228
Asus,Asus S5XX,S530,Từ 12 đến 14 triệu,1810122
Asus,Asus S5XX,S530,Từ 12 đến 14 triệu,1810244
Asus,Asus S5XX,S530,Từ 12 đến 14 triệu,1810448
Asus,Asus S5XX,S530,Từ 12 đến 14 triệu,1810451
Asus,Asus S5XX,S530,Từ 12 đến 14 triệu,18110452
Asus,Asus S5XX,S530,Từ 14 đến 16 triệu,1810121
Asus,Asus S5XX,S530,Từ 16 đến 18 triệu,1809163
Asus,Asus S5XX,S530,Từ 16 đến 18 triệu,1809206
Asus,Asus S5XX,S530,Từ 16 đến 18 triệu,1809207
Asus,Asus S5XX,S530,Từ 16 đến 18 triệu,1810125
Asus,Asus S5XX,S530,Từ 16 đến 18 triệu,1810560
Asus,Asus S5XX,S530,Từ 16 đến 18 triệu,18110221
Asus,Asus S5XX,S530,Từ 16 đến 18 triệu,19010287
Asus,Asus S5XX,S530,Từ 16 đến 18 triệu,19020336
Asus,Asus S5XX,S530,Từ 18 đến 20 triệu,19010045
Asus,Asus S5XX,S530,Từ 20 đến 22 triệu,1810124
Asus,Asus S5XX,S530,Từ 22 đến 24 triệu,1810994
Asus,Asus S5XX,S530,Từ 22 đến 24 triệu,19030005
Asus,Asus S5XX,S530,Từ 22 đến 24 triệu,19030165
Asus,Asus T1xx,T101,Dưới 8 triệu,1800433
Asus,Asus TP2xx,TP203,Từ 08 đến 10 triệu,1801008
Asus,Asus TP2xx,TP203,Từ 08 đến 10 triệu,1805183
Asus,Asus TP41x,TP410,Từ 12 đến 14 triệu,1703123
Asus,Asus TP41x,TP410,Từ 12 đến 14 triệu,1806018
Asus,Asus TP41x,TP410,Từ 14 đến 16 triệu,1705055
Asus,Asus TP41x,TP410,Từ 14 đến 16 triệu,18110223
Asus,Asus TP41x,TP410,Từ 16 đến 18 triệu,1801010
Asus,Asus TP41x,TP412,Từ 12 đến 14 triệu,1809212
Asus,Asus TP41x,TP412,Từ 12 đến 14 triệu,1809213
Asus,Asus TP41x,TP412,Từ 12 đến 14 triệu,1810087
Asus,Asus TP41x,TP412,Từ 12 đến 14 triệu,1810088
Asus,Asus TP41x,TP412,Từ 16 đến 18 triệu,1810529
Asus,Asus UX 391,UX391,Trên 30 triệu,1808022
Asus,Asus UX 391,UX391,Trên 30 triệu,1810452
Asus,Asus UX 3x0,UX360,Dưới 8 triệu,1701017
Asus,Asus UX 3x0,UX360,Dưới 8 triệu,1701603
Asus,Asus UX 3x0,UX370,Trên 30 triệu,1703196
Asus,Asus UX 3xx,UX330,Dưới 8 triệu,1700089
Asus,Asus UX 3xx,UX330,Dưới 8 triệu,1700090
Asus,Asus UX 3xx,UX331,Từ 20 đến 22 triệu,1808464
Asus,Asus UX 3xx,UX331,Từ 20 đến 22 triệu,1810446
Asus,Asus UX 3xx,UX331,Từ 22 đến 24 triệu,1809022
Asus,Asus UX 3xx,UX331,Từ 22 đến 24 triệu,1810528
Asus,Asus UX 3xx,UX331,Từ 24 đến 26 triệu,1810140
Asus,Asus UX 3xx,UX331,Từ 26 đến 28 triệu,1807401
Asus,Asus UX 3xx,UX333,Từ 20 đến 22 triệu,18120224
Asus,Asus UX 3xx,UX333,Từ 20 đến 22 triệu,18120225
Asus,Asus UX 3xx,UX333,Từ 22 đến 24 triệu,18120194
Asus,Asus UX 3xx,UX333,Từ 22 đến 24 triệu,19030053
Asus,Asus UX 3xx,UX333,Từ 24 đến 26 triệu,18120195
Asus,Asus UX 3xx,UX333,Từ 24 đến 26 triệu,19030068
Asus,Asus UX 3xx,UX333,Từ 24 đến 26 triệu,19030194
Asus,Asus UX 3xx,UX333,Từ 26 đến 28 triệu,18120193
Asus,Asus UX 4x0,UX461,Từ 20 đến 22 triệu,1808461
Asus,Asus UX 4x0,UX461,Từ 20 đến 22 triệu,1809551
Asus,Asus UX 4x0,UX461,Từ 24 đến 26 triệu,1800440
Asus,Asus UX 4x0,UX461,Từ 28 đến 30 triệu,1808462
Asus,Asus UX 4x0,UX480,Trên 30 triệu,19010013
Asus,Asus UX 4x0,UX490,Trên 30 triệu,1701984
Asus,Asus UX 4x0,UX490,Trên 30 triệu,1808463
Asus,Asus UX 4xx,UX410,Dưới 8 triệu,1700002
Asus,Asus UX 4xx,UX410,Dưới 8 triệu,1701400
Asus,Asus UX 4xx,UX410,Dưới 8 triệu,1701525
Asus,Asus UX 4xx,UX410,Từ 16 đến 18 triệu,1805438
Asus,Asus UX 4xx,UX410,Từ 18 đến 20 triệu,1806203
Asus,Asus UX 4xx,UX430,Dưới 8 triệu,1701699
Asus,Asus UX 4xx,UX430,Dưới 8 triệu,1701829
Asus,Asus UX 4xx,UX430,Dưới 8 triệu,1702487
Asus,Asus UX 4xx,UX430,Dưới 8 triệu,1702799
Asus,Asus UX 4xx,UX430,Từ 18 đến 20 triệu,1702798
Asus,Asus UX 4xx,UX430,Từ 20 đến 22 triệu,1704881
Asus,Asus UX 4xx,UX430,Từ 20 đến 22 triệu,1800019
Asus,Asus UX 4xx,UX430,Từ 20 đến 22 triệu,1800020
Asus,Asus UX 4xx,UX430,Từ 22 đến 24 triệu,1703317
Asus,Asus UX 4xx,UX430,Từ 22 đến 24 triệu,1703474
Asus,Asus UX 4xx,UX430,Từ 22 đến 24 triệu,1805178
Asus,Asus UX 4xx,UX430,Từ 24 đến 26 triệu,1800441
Asus,Asus UX 4xx,UX430,Từ 26 đến 28 triệu,1704878
Asus,Asus UX 4xx,UX430,Từ 26 đến 28 triệu,1704905
Asus,Asus UX 4xx,UX430,Từ 26 đến 28 triệu,1808368
Asus,Asus UX 4xx,UX430,Từ 28 đến 30 triệu,1800930
Asus,Asus UX 4xx,UX433,Từ 20 đến 22 triệu,19010048
Asus,Asus UX 4xx,UX433,Từ 22 đến 24 triệu,18120261
Asus,Asus UX 4xx,UX433,Từ 22 đến 24 triệu,19010049
Asus,Asus UX 4xx,UX433,Từ 24 đến 26 triệu,19010047
Asus,Asus UX 4xx,UX433,Từ 26 đến 28 triệu,19010046
Asus,Asus UX 5x0,UX580,Dưới 8 triệu,1808367
Asus,Asus UX 5xx,UX501,Dưới 8 triệu,1701018
Asus,Asus UX 5xx,UX501,Từ 26 đến 28 triệu,1503275
Asus,Asus UX 5xx,UX510,Từ 16 đến 18 triệu,1702021
Asus,Asus UX 5xx,UX533,Từ 26 đến 28 triệu,18120196
Asus,Asus UX 5xx,UX533,Từ 26 đến 28 triệu,18120197
Asus,Asus UX 5xx,UX533,Trên 30 triệu,19020191
Asus,Asus UX 5xx,UX533,Trên 30 triệu,19020223
Asus,Asus X40x,X405,Từ 08 đến 10 triệu,1702019
Asus,Asus X40x,X405,Từ 10 đến 12 triệu,1703095
Asus,Asus X40x,X405,Từ 10 đến 12 triệu,1800580
Asus,Asus X40x,X407,Dưới 8 triệu,1805439
Asus,Asus X40x,X407,Dưới 8 triệu,1808466
Asus,Asus X40x,X407,Dưới 8 triệu,1809529
Asus,Asus X40x,X407,Dưới 8 triệu,1810995
Asus,Asus X40x,X407,Dưới 8 triệu,19010084
Asus,Asus X40x,X407,Từ 08 đến 10 triệu,1809106
Asus,Asus X40x,X407,Từ 08 đến 10 triệu,1809530
Asus,Asus X40x,X407,Từ 10 đến 12 triệu,18110222
Asus,Asus X40x,X407,Từ 10 đến 12 triệu,18120198
Asus,Asus X40x,X407,Từ 12 đến 14 triệu,1809024
Asus,Asus X40x,X407,Từ 12 đến 14 triệu,1810126
Asus,Asus X40x,X407,Từ 12 đến 14 triệu,1810571
Asus,Asus X40x,X407,Từ 12 đến 14 triệu,19010289
Asus,Asus X40x,X407,Từ 14 đến 16 triệu,1808467
Asus,Asus X40x,X407,Từ 16 đến 18 triệu,19010165
Asus,Asus X41x,X411,Từ 10 đến 12 triệu,1800152
Asus,Asus X41x,X411,Từ 12 đến 14 triệu,1800432
Asus,Asus X44x,X441,Dưới 8 triệu,1701359
Asus,Asus X44x,X441,Dưới 8 triệu,1701422
Asus,Asus X44x,X441,Dưới 8 triệu,1701479
Asus,Asus X44x,X441,Dưới 8 triệu,1701522
Asus,Asus X44x,X441,Dưới 8 triệu,1703038
Asus,Asus X44x,X441,Dưới 8 triệu,1809167
Asus,Asus X44x,X441,Dưới 8 triệu,1810120
Asus,Asus X44x,X441,Từ 08 đến 10 triệu,1702619
Asus,Asus X44x,X441,Từ 08 đến 10 triệu,1702689
Asus,Asus X44x,X441,Từ 08 đến 10 triệu,1703039
Asus,Asus X50x AMD,X505,Dưới 8 triệu,19030242
Asus,Asus X50x AMD,X505,Từ 12 đến 14 triệu,19020130
Asus,Asus X50x Intel,X507,Dưới 8 triệu,1806166
Asus,Asus X50x Intel,X507,Dưới 8 triệu,1806207
Asus,Asus X50x Intel,X507,Dưới 8 triệu,1810141
Asus,Asus X50x Intel,X507,Dưới 8 triệu,1810444
Asus,Asus X50x Intel,X507,Dưới 8 triệu,19030004
Asus,Asus X50x Intel,X507,Từ 08 đến 10 triệu,1809104
Asus,Asus X50x Intel,X507,Từ 08 đến 10 triệu,1809161
Asus,Asus X50x Intel,X507,Từ 10 đến 12 triệu,1809230
Asus,Asus X50x Intel,X507,Từ 10 đến 12 triệu,1810445
Asus,Asus X50x Intel,X507,Từ 12 đến 14 triệu,1808468
Asus,Asus X50x Intel,X507,Từ 12 đến 14 triệu,1809023
Asus,Asus X50x Intel,X507,Từ 12 đến 14 triệu,1809178
Asus,Asus X50x Intel,X507,Từ 12 đến 14 triệu,1810447
Asus,Asus X50x Intel,X507,Từ 16 đến 18 triệu,1808469
Asus,Asus X51x,X510,Từ 10 đến 12 triệu,1704929
Asus,Asus X51x,X510,Từ 12 đến 14 triệu,1702344
Asus,Asus X51x,X510,Từ 12 đến 14 triệu,1702816
Asus,Asus X51x,X510,Từ 12 đến 14 triệu,1703137
Asus,Asus X51x,X510,Từ 12 đến 14 triệu,1705094
Asus,Asus X51x,X510,Từ 14 đến 16 triệu,1703037
Asus,Asus X51x,X510,Từ 14 đến 16 triệu,1705095
Asus,Asus X51x,X510,Từ 16 đến 18 triệu,1703140
Asus,Asus X51x,X510,Từ 16 đến 18 triệu,1800175
Asus,Asus X54x,X540,Dưới 8 triệu,1705054
Asus,Asus X54x,X540,Từ 10 đến 12 triệu,1702413
Asus,Asus X54x,X540,Từ 10 đến 12 triệu,1702414
Asus,Asus X54x,X541,Dưới 8 triệu,1700174
Asus,Asus X54x,X541,Dưới 8 triệu,1700765
Asus,Asus X54x,X541,Dưới 8 triệu,1700952
Asus,Asus X54x,X541,Dưới 8 triệu,1701402
Asus,Asus X54x,X541,Dưới 8 triệu,1701644
Asus,Asus X54x,X541,Dưới 8 triệu,1701981
Asus,Asus X54x,X541,Dưới 8 triệu,1701982
Asus,Asus X54x,X541,Dưới 8 triệu,1702533
Asus,Asus X54x,X541,Dưới 8 triệu,1702559
Asus,Asus X54x,X541,Dưới 8 triệu,1807460
Asus,Asus X54x,X541,Từ 08 đến 10 triệu,1701523
Asus,Asus X54x,X541,Từ 08 đến 10 triệu,1701772
Asus,Asus X54x,X541,Từ 08 đến 10 triệu,1702258
Asus,Asus X54x,X541,Từ 08 đến 10 triệu,1703000
Asus,Asus X54x,X541,Từ 08 đến 10 triệu,1800143
Asus,Asus X54x,X541,Từ 10 đến 12 triệu,1702618
Asus,Asus X54x,X541,Từ 10 đến 12 triệu,1703198
Asus,Asus X54x,X541,Từ 12 đến 14 triệu,1702568
Asus,Asus X54x,X542,Từ 08 đến 10 triệu,1702658
Asus,Asus X54x,X542,Từ 12 đến 14 triệu,1704928
Asus,Asus X54x,X542,Từ 14 đến 16 triệu,1703261
Asus,Asus X54x,X542,Từ 16 đến 18 triệu,1703262
Avita,AVITA Liber U13-xx,Liber U13-AB,Từ 12 đến 14 triệu,18120329
Avita,AVITA Liber U13-xx,Liber U13-AP,Dưới 8 triệu,19010133
Avita,AVITA Liber U13-xx,Liber U13-CBP,Dưới 8 triệu,19010154
Avita,AVITA Liber U13-xx,Liber U13-CBP,Từ 16 đến 18 triệu,18120331
Avita,AVITA Liber U13-xx,Liber U13-CG,Từ 14 đến 16 triệu,18120323
Avita,AVITA Liber U13-xx,Liber U13-CS,Từ 10 đến 12 triệu,18120325
Avita,AVITA Liber U13-xx,Liber U13-FL,Từ 14 đến 16 triệu,18120327
Avita,AVITA Liber U13-xx,Liber U13-HB,Từ 10 đến 12 triệu,19010135
Avita,AVITA Liber U13-xx,Liber U13-RR,Dưới 8 triệu,19010137
Avita,AVITA Liber U13-xx,Liber U13-SG,Từ 18 đến 20 triệu,19010131
Avita,AVITA Liber U14-xx,Liber U14-AB,Từ 14 đến 16 triệu,18120330
Avita,AVITA Liber U14-xx,Liber U14-AP,Từ 18 đến 20 triệu,19010132
Avita,AVITA Liber U14-xx,Liber U14-CBP,Từ 10 đến 12 triệu,19010155
Avita,AVITA Liber U14-xx,Liber U14-CBP,Từ 12 đến 14 triệu,18120332
Avita,AVITA Liber U14-xx,Liber U14-CG,Từ 12 đến 14 triệu,18120324
Avita,AVITA Liber U14-xx,Liber U14-CS,Từ 12 đến 14 triệu,18120326
Avita,AVITA Liber U14-xx,Liber U14-FL,Từ 12 đến 14 triệu,18120328
Avita,AVITA Liber U14-xx,Liber U14-HB,Từ 14 đến 16 triệu,19010134
Avita,AVITA Liber U14-xx,Liber U14-RR,Dưới 8 triệu,19010136
Avita,AVITA Liber U14-xx,Liber U14-SG,Từ 14 đến 16 triệu,19010130
HP,Chưa xác định,HP 240 G7,Dưới 8 triệu,19030456
HP,Chưa xác định,Spectre x360-ap,Dưới 8 triệu,19030364
Dell,DELL Inspiron 13 5XXX,Inspiron 13 5368,Từ 08 đến 10 triệu,1701306
Dell,DELL Inspiron 13 5XXX,Inspiron 13 5370,Từ 14 đến 16 triệu,1800275
Dell,DELL Inspiron 13 5XXX,Inspiron 13 5370,Từ 14 đến 16 triệu,1808073
Dell,DELL Inspiron 13 5XXX,Inspiron 13 5370,Từ 14 đến 16 triệu,1810245
Dell,DELL Inspiron 13 5XXX,Inspiron 13 5370,Từ 14 đến 16 triệu,1810246
Dell,DELL Inspiron 13 5XXX,Inspiron 13 5370,Từ 16 đến 18 triệu,1808088
Dell,DELL Inspiron 13 5XXX,Inspiron 13 5370,Từ 18 đến 20 triệu,1800434
Dell,DELL Inspiron 13 5XXX,Inspiron 13 5370,Từ 18 đến 20 triệu,1800530
Dell,DELL Inspiron 13 5XXX,Inspiron 13 5370,Từ 22 đến 24 triệu,1800545
Dell,DELL Inspiron 13 5XXX,Inspiron 13 5378,Từ 18 đến 20 triệu,1702609
Dell,DELL Inspiron 13 5XXX,Inspiron 13 5378,Từ 22 đến 24 triệu,1701228
Dell,DELL Inspiron 13 5XXX,Inspiron 13 5379,Từ 18 đến 20 triệu,1808493
Dell,DELL Inspiron 13 5XXX,Inspiron 13 5379,Từ 20 đến 22 triệu,1702984
Dell,DELL Inspiron 13 5XXX,Inspiron 13 5379,Từ 22 đến 24 triệu,1704813
Dell,DELL Inspiron 13 7xxx,Inspiron 13 7370,Từ 22 đến 24 triệu,1800646
Dell,DELL Inspiron 13 7xxx,Inspiron 13 7370,Từ 24 đến 26 triệu,1809162
Dell,DELL Inspiron 13 7xxx,Inspiron 13 7370,Từ 28 đến 30 triệu,1703204
Dell,DELL Inspiron 13 7xxx,Inspiron 13 7370,Trên 30 triệu,1703205
Dell,DELL Inspiron 13 7xxx,Inspiron 13 7373,Từ 26 đến 28 triệu,1703199
Dell,DELL Inspiron 13 7xxx,Inspiron 13 7373,Từ 28 đến 30 triệu,1808475
Dell,DELL Inspiron 14 3XXX,Inspiron 14 3462,Dưới 8 triệu,1700088
Dell,DELL Inspiron 14 3XXX,Inspiron 14 3462,Dưới 8 triệu,1700178
Dell,DELL Inspiron 14 3XXX,Inspiron 14 3462,Dưới 8 triệu,1703203
Dell,DELL Inspiron 14 3XXX,Inspiron 14 3467,Dưới 8 triệu,1702994
Dell,DELL Inspiron 14 3XXX,Inspiron 14 3467,Từ 08 đến 10 triệu,1700850
Dell,DELL Inspiron 14 3XXX,Inspiron 14 3467,Từ 08 đến 10 triệu,1809180
Dell,DELL Inspiron 14 3XXX,Inspiron 14 3467,Từ 10 đến 12 triệu,1603884
Dell,DELL Inspiron 14 3XXX,Inspiron 14 3467,Từ 10 đến 12 triệu,1700087
Dell,DELL Inspiron 14 3XXX,Inspiron 14 3467,Từ 10 đến 12 triệu,1700766
Dell,DELL Inspiron 14 3XXX,Inspiron 14 3467,Từ 10 đến 12 triệu,1700851
Dell,DELL Inspiron 14 3XXX,Inspiron 14 3467,Từ 12 đến 14 triệu,1701547
Dell,DELL Inspiron 14 3XXX,Inspiron 14 3476,Từ 10 đến 12 triệu,1808491
Dell,DELL Inspiron 14 3XXX,Inspiron 14 3476,Từ 10 đến 12 triệu,1808492
Dell,DELL Inspiron 14 3XXX,Inspiron 14 3476,Từ 12 đến 14 triệu,1809177
Dell,DELL Inspiron 14 3XXX,Inspiron 14 3476,Từ 14 đến 16 triệu,1805410
Dell,DELL Inspiron 14 5xxx,Inspiron 14 5459,Dưới 8 triệu,1700810
Dell,DELL Inspiron 14 5xxx,Inspiron 14 5468,Từ 12 đến 14 triệu,18120257
Dell,DELL Inspiron 14 5xxx,Inspiron 14 5468,Từ 14 đến 16 triệu,1701095
Dell,DELL Inspiron 14 5xxx,Inspiron 14 5468,Từ 18 đến 20 triệu,1701698
Dell,DELL Inspiron 14 5xxx,Inspiron 14 5480,Từ 18 đến 20 triệu,18120313
Dell,DELL Inspiron 14 5xxx,Inspiron 14 5480,Từ 20 đến 22 triệu,18110310
Dell,DELL Inspiron 14 5xxx,Inspiron 14 5480,Từ 22 đến 24 triệu,18110311
Dell,DELL Inspiron 14 5xxx,Inspiron 14 5480,Từ 22 đến 24 triệu,18120314
Dell,DELL Inspiron 14 5xxx,Inspiron 14 5482,Từ 22 đến 24 triệu,18110203
Dell,DELL Inspiron 14 5xxx,Inspiron 14 5482,Từ 24 đến 26 triệu,18110050
Dell,DELL Inspiron 14 5xxx,Inspiron 14 5482,Từ 26 đến 28 triệu,18110312
Dell,DELL Inspiron 14 7xxx,Inspiron 14 7460,Từ 18 đến 20 triệu,1701412
Dell,DELL Inspiron 14 7xxx,Inspiron 14 7460,Từ 18 đến 20 triệu,1800097
Dell,DELL Inspiron 15 3xxx,Inspiron 15 3552,Dưới 8 triệu,1700796
Dell,DELL Inspiron 15 3xxx,Inspiron 15 3567,Từ 08 đến 10 triệu,1702490
Dell,DELL Inspiron 15 3xxx,Inspiron 15 3567,Từ 10 đến 12 triệu,1700176
Dell,DELL Inspiron 15 3xxx,Inspiron 15 3567,Từ 10 đến 12 triệu,1701226
Dell,DELL Inspiron 15 3xxx,Inspiron 15 3567,Từ 10 đến 12 triệu,1701231
Dell,DELL Inspiron 15 3xxx,Inspiron 15 3567,Từ 10 đến 12 triệu,1800465
Dell,DELL Inspiron 15 3xxx,Inspiron 15 3567,Từ 10 đến 12 triệu,1800466
Dell,DELL Inspiron 15 3xxx,Inspiron 15 3567,Từ 10 đến 12 triệu,1808299
Dell,DELL Inspiron 15 3xxx,Inspiron 15 3567,Từ 12 đến 14 triệu,1700175
Dell,DELL Inspiron 15 3xxx,Inspiron 15 3567,Từ 12 đến 14 triệu,1700797
Dell,DELL Inspiron 15 3xxx,Inspiron 15 3567,Từ 12 đến 14 triệu,1702489
Dell,DELL Inspiron 15 3xxx,Inspiron 15 3567,Từ 14 đến 16 triệu,1701227
Dell,DELL Inspiron 15 3xxx,Inspiron 15 3567,Từ 14 đến 16 triệu,1701697
Dell,DELL Inspiron 15 3xxx,Inspiron 15 3576,Từ 10 đến 12 triệu,1809176
Dell,DELL Inspiron 15 3xxx,Inspiron 15 3576,Từ 10 đến 12 triệu,18110258
Dell,DELL Inspiron 15 3xxx,Inspiron 15 3576,Từ 12 đến 14 triệu,1807608
Dell,DELL Inspiron 15 3xxx,Inspiron 15 3576,Từ 12 đến 14 triệu,1808025
Dell,DELL Inspiron 15 3xxx,Inspiron 15 3576,Từ 14 đến 16 triệu,1807398
Dell,DELL Inspiron 15 5xxx,Inspiron 15 5559,Dưới 8 triệu,1700043
Dell,DELL Inspiron 15 5xxx,Inspiron 15 5567,Dưới 8 triệu,1701229
Dell,DELL Inspiron 15 5xxx,Inspiron 15 5567,Dưới 8 triệu,1702014
Dell,DELL Inspiron 15 5xxx,Inspiron 15 5567,Từ 14 đến 16 triệu,1700044
Dell,DELL Inspiron 15 5xxx,Inspiron 15 5567,Từ 14 đến 16 triệu,1701421
Dell,DELL Inspiron 15 5xxx,Inspiron 15 5567,Từ 14 đến 16 triệu,1702986
Dell,DELL Inspiron 15 5xxx,Inspiron 15 5567,Từ 18 đến 20 triệu,1603429
Dell,DELL Inspiron 15 5xxx,Inspiron 15 5568,Dưới 8 triệu,1700177
Dell,DELL Inspiron 15 5xxx,Inspiron 15 5570,Từ 12 đến 14 triệu,19020040
Dell,DELL Inspiron 15 5xxx,Inspiron 15 5570,Từ 16 đến 18 triệu,1703469
Dell,DELL Inspiron 15 5xxx,Inspiron 15 5570,Từ 16 đến 18 triệu,1703470
Dell,DELL Inspiron 15 5xxx,Inspiron 15 5570,Từ 16 đến 18 triệu,1807633
Dell,DELL Inspiron 15 5xxx,Inspiron 15 5570,Từ 16 đến 18 triệu,19030001
Dell,DELL Inspiron 15 5xxx,Inspiron 15 5570,Từ 20 đến 22 triệu,1810990
Dell,DELL Inspiron 15 5xxx,Inspiron 15 5570,Từ 20 đến 22 triệu,1810991
Dell,DELL Inspiron 15 5xxx,Inspiron 15 5570,Từ 20 đến 22 triệu,18120316
Dell,DELL Inspiron 15 5xxx,Inspiron 15 5570,Từ 22 đến 24 triệu,1703259
Dell,DELL Inspiron 15 5xxx,Inspiron 15 5570,Từ 22 đến 24 triệu,1703260
Dell,DELL Inspiron 15 5xxx,Inspiron 15 5570,Từ 22 đến 24 triệu,18120315
Dell,DELL Inspiron 15 7xxx,Inspiron 15 7559,Dưới 8 triệu,1701453
Dell,DELL Inspiron 15 7xxx,Inspiron 15 7566,Từ 18 đến 20 triệu,1704220
Dell,DELL Inspiron 15 7xxx,Inspiron 15 7566,Từ 20 đến 22 triệu,1701564
Dell,DELL Inspiron 15 7xxx,Inspiron 15 7567,Từ 22 đến 24 triệu,1703091
Dell,DELL Inspiron 15 7xxx,Inspiron 15 7570,Từ 20 đến 22 triệu,1702990
Dell,DELL Inspiron 15 7xxx,Inspiron 15 7570,Từ 26 đến 28 triệu,1807455
Dell,DELL Inspiron 15 7xxx,Inspiron 15 7570,Từ 28 đến 30 triệu,1703094
Dell,DELL Inspiron 15 7xxx,Inspiron 15 7577,Từ 20 đến 22 triệu,1805172
Dell,DELL Inspiron 15 7xxx,Inspiron 15 7577,Từ 28 đến 30 triệu,1800273
Dell,DELL Inspiron 15 7xxx,Inspiron 15 7577,Trên 30 triệu,1805186
Acer,DELL Inspiron G3 3xxx,G3-572,Từ 24 đến 26 triệu,1702433
Acer,DELL Inspiron G3 3xxx,G3-572,Từ 28 đến 30 triệu,1702432
Acer,DELL Inspiron G3 3xxx,G3-572,Trên 30 triệu,1703211
Dell,DELL Inspiron G3 3xxx,Inspiron G3 3579,Từ 18 đến 20 triệu,18120312
Dell,DELL Inspiron G3 3xxx,Inspiron G3 3579,Từ 20 đến 22 triệu,18120311
Dell,DELL Inspiron G3 3xxx,Inspiron G3 3579,Từ 24 đến 26 triệu,1810055
Dell,DELL Inspiron G7 7xxx,Inspiron G7 7588,Dưới 8 triệu,18110296
Dell,DELL Inspiron G7 7xxx,Inspiron G7 7588,Từ 24 đến 26 triệu,1810089
Dell,DELL Inspiron G7 7xxx,Inspiron G7 7588,Từ 28 đến 30 triệu,18110297
Dell,DELL Inspiron G7 7xxx,Inspiron G7 7588,Trên 30 triệu,1807511
Dell,DELL Inspiron G7 7xxx,Inspiron G7 7588,Trên 30 triệu,18110443
Dell,DELL Latitude 5xxx,Latitude 15 5285,Dưới 8 triệu,1800079
Dell,DELL Vostro 13 5xxx,Vostro 13 5370,Từ 20 đến 22 triệu,18110049
Dell,DELL Vostro 13 5xxx,Vostro 13 5370,Từ 22 đến 24 triệu,1800531
Dell,DELL Vostro 13 5xxx,Vostro 13 5370,Từ 26 đến 28 triệu,1810247
Dell,DELL Vostro 14 3xxx,Vostro 14 3468,Dưới 8 triệu,1700847
Dell,DELL Vostro 14 3xxx,Vostro 14 3468,Từ 08 đến 10 triệu,1807607
Dell,DELL Vostro 14 3xxx,Vostro 14 3468,Từ 10 đến 12 triệu,1603422
Dell,DELL Vostro 14 3xxx,Vostro 14 3468,Từ 10 đến 12 triệu,1701508
Dell,DELL Vostro 14 3xxx,Vostro 14 3468,Từ 10 đến 12 triệu,1809114
Dell,DELL Vostro 14 3xxx,Vostro 14 3468,Từ 12 đến 14 triệu,1603607
Dell,DELL Vostro 14 3xxx,Vostro 14 3468,Từ 12 đến 14 triệu,1701509
Dell,DELL Vostro 14 3xxx,Vostro 14 3468,Từ 12 đến 14 triệu,1702608
Dell,DELL Vostro 14 3xxx,Vostro 14 3468,Từ 14 đến 16 triệu,1702257
Dell,DELL Vostro 14 3xxx,Vostro 14 3478,Từ 10 đến 12 triệu,1810453
Dell,DELL Vostro 14 3xxx,Vostro 14 3478,Từ 12 đến 14 triệu,1809105
Dell,DELL Vostro 14 3xxx,Vostro 14 3478,Từ 12 đến 14 triệu,18110260
Dell,DELL Vostro 14 3xxx,Vostro 14 3478,Từ 14 đến 16 triệu,1805170
Dell,DELL Vostro 14 5xxx,Vostro 14 5468,Dưới 8 triệu,1700038
Dell,DELL Vostro 14 5xxx,Vostro 14 5468,Dưới 8 triệu,1701233
Dell,DELL Vostro 14 5xxx,Vostro 14 5468,Từ 10 đến 12 triệu,1702259
Dell,DELL Vostro 14 5xxx,Vostro 14 5468,Từ 12 đến 14 triệu,1702682
Dell,DELL Vostro 14 5xxx,Vostro 14 5468,Từ 12 đến 14 triệu,1805059
Dell,DELL Vostro 14 5xxx,Vostro 14 5468,Từ 14 đến 16 triệu,1704814
Dell,DELL Vostro 14 5xxx,Vostro 14 5468,Từ 16 đến 18 triệu,1603291
Dell,DELL Vostro 14 5xxx,Vostro 14 5468,Từ 16 đến 18 triệu,1701230
Dell,DELL Vostro 14 5xxx,Vostro 14 5471,Dưới 8 triệu,1800544
Dell,DELL Vostro 14 5xxx,Vostro 14 5471,Từ 16 đến 18 triệu,1800274
Dell,DELL Vostro 14 5xxx,Vostro 14 5471,Từ 16 đến 18 triệu,1808074
Dell,DELL Vostro 14 5xxx,Vostro 14 5471,Từ 24 đến 26 triệu,1809297
Dell,DELL Vostro 14 5xxx,Vostro 14 5471,Từ 24 đến 26 triệu,19020039
Dell,DELL Vostro 14 5xxx,Vostro 14 5481,Từ 18 đến 20 triệu,19030002
Dell,DELL Vostro 14 5xxx,Vostro 14 5481,Từ 18 đến 20 triệu,19030003
Dell,DELL Vostro 14 5xxx,Vostro 14 5481,Từ 24 đến 26 triệu,19020041
Dell,DELL Vostro 14 5xxx,Vostro 14 5481,Từ 24 đến 26 triệu,19020042
Dell,DELL Vostro 15 3xxx,Vostro 15 3568,Từ 10 đến 12 triệu,1701546
Dell,DELL Vostro 15 3xxx,Vostro 15 3568,Từ 10 đến 12 triệu,1800276
Dell,DELL Vostro 15 3xxx,Vostro 15 3568,Từ 10 đến 12 triệu,1809150
Dell,DELL Vostro 15 3xxx,Vostro 15 3568,Từ 12 đến 14 triệu,1603447
Dell,DELL Vostro 15 3xxx,Vostro 15 3568,Từ 12 đến 14 triệu,1700953
Dell,DELL Vostro 15 3xxx,Vostro 15 3568,Từ 14 đến 16 triệu,1603431
Dell,DELL Vostro 15 3xxx,Vostro 15 3568,Từ 14 đến 16 triệu,1700086
Dell,DELL Vostro 15 3xxx,Vostro 15 3568,Từ 16 đến 18 triệu,1700846
Dell,DELL Vostro 15 3xxx,Vostro 15 3578,Từ 12 đến 14 triệu,1808470
Dell,DELL Vostro 15 3xxx,Vostro 15 3578,Từ 14 đến 16 triệu,1805408
Dell,DELL Vostro 15 3xxx,Vostro 15 3578,Từ 14 đến 16 triệu,1805409
Dell,DELL Vostro 15 3xxx,Vostro 15 3578,Từ 14 đến 16 triệu,1808026
Dell,DELL Vostro 15 3xxx,Vostro 15 3578,Từ 14 đến 16 triệu,1808471
Dell,DELL Vostro 15 3xxx,Vostro 15 3578,Từ 18 đến 20 triệu,1801006
Dell,DELL Vostro 15 3xxx,Vostro 15 3578,Từ 18 đến 20 triệu,1808472
Dell,DELL Vostro 15 5xxx,Vostro 15 5568,Từ 12 đến 14 triệu,1603024
Dell,DELL Vostro 15 5xxx,Vostro 15 5568,Từ 12 đến 14 triệu,1603026
Dell,DELL Vostro 15 5xxx,Vostro 15 5568,Từ 12 đến 14 triệu,1701565
Dell,DELL Vostro 15 5xxx,Vostro 15 5568,Từ 14 đến 16 triệu,1700849
Dell,DELL Vostro 15 5xxx,Vostro 15 5568,Từ 14 đến 16 triệu,1703003
Dell,DELL Vostro 15 5xxx,Vostro 15 5568,Từ 14 đến 16 triệu,18110261
Dell,DELL Vostro 15 5xxx,Vostro 15 5568,Từ 16 đến 18 triệu,1603274
Dell,DELL Vostro 15 5xxx,Vostro 15 5568,Từ 16 đến 18 triệu,1703001
Dell,DELL Vostro 15 5xxx,Vostro 15 5568,Từ 16 đến 18 triệu,1703002
Dell,DELL Vostro 15 5xxx,Vostro 15 5568,Từ 16 đến 18 triệu,1705093
Dell,DELL Vostro 15 5xxx,Vostro 15 5581,Từ 16 đến 18 triệu,19020044
Dell,DELL Vostro 15 5xxx,Vostro 15 5581,Từ 18 đến 20 triệu,19010291
Dell,DELL Vostro 15 5xxx,Vostro 15 5581,Từ 18 đến 20 triệu,19020043
Dell,DELL Vostro 15 7xxx,Vostro 15 7570,Từ 22 đến 24 triệu,1808087
Dell,DELL Vostro 15 7xxx,Vostro 15 7570,Từ 28 đến 30 triệu,18110262
Dell,DELL XPS 13 9xxx,XPS13 9360,Trên 30 triệu,1603452
Dell,DELL XPS 13 9xxx,XPS13 9360,Trên 30 triệu,1703206
Dell,DELL XPS 13 9xxx,XPS13 9365,Dưới 8 triệu,1701858
Dell,DELL XPS 13 9xxx,XPS13 9365,Trên 30 triệu,1703471
Dell,DELL XPS 13 9xxx,XPS13 9365,Trên 30 triệu,1806261
Dell,DELL XPS 13 9xxx,XPS13 9370,Trên 30 triệu,1800527
Dell,DELL XPS 13 9xxx,XPS13 9370,Trên 30 triệu,1800528
Dell,DELL XPS 15 9xxx,XPS15 9550,Dưới 8 triệu,1701164
HP,HP EliteBook 1030 GX,EliteBook 1030 G3,Dưới 8 triệu,1810091
HP,HP EliteBook 1050 GX,EliteBook 1050 G1,Dưới 8 triệu,1810978
HP,HP EliteBook 1050 GX,EliteBook 1050 G1,Dưới 8 triệu,19030431
HP,HP EliteBook 1050 GX,EliteBook 1050 G1,Dưới 8 triệu,19030432
HP,HP EliteBook 1050 GX,EliteBook 1050 G1,Trên 30 triệu,19020005
HP,HP EliteBook X2 GX,Elite X2,Trên 30 triệu,1702882
HP,HP EliteBook X2 GX,EliteBook X2 1013 G3,Trên 30 triệu,18101019
HP,HP EliteBook X360 1030 GX,EliteBook X360 1030 G2,Trên 30 triệu,1701726
HP,HP EliteBook X360 1030 GX,EliteBook X360 1030 G2,Trên 30 triệu,1701983
HP,HP EliteBook X360 1030 GX,EliteBook X360 1030 G3,Dưới 8 triệu,18101020
HP,HP EliteBook X360 1030 GX,EliteBook X360 1030 G3,Dưới 8 triệu,18101021
HP,HP Envy 13-xx,Envy 13-ab,Dưới 8 triệu,1700079
HP,HP Envy 13-xx,Envy 13-ab,Từ 16 đến 18 triệu,1700080
HP,HP Envy 13-xx,Envy 13-ab,Từ 20 đến 22 triệu,1700131
HP,HP Envy 13-xx,Envy 13-ad,Dưới 8 triệu,1702436
HP,HP Envy 13-xx,Envy 13-ad,Từ 18 đến 20 triệu,1702864
HP,HP Envy 13-xx,Envy 13-ad,Từ 18 đến 20 triệu,1703322
HP,HP Envy 13-xx,Envy 13-ad,Từ 18 đến 20 triệu,1800471
HP,HP Envy 13-xx,Envy 13-ad,Từ 20 đến 22 triệu,1702431
HP,HP Envy 13-xx,Envy 13-ad,Từ 20 đến 22 triệu,1703473
HP,HP Envy 13-xx,Envy 13-ad,Từ 20 đến 22 triệu,1800543
HP,HP Envy 13-xx,Envy 13-ad,Từ 26 đến 28 triệu,1703321
HP,HP Envy 13-xx,Envy 13-ad,Từ 26 đến 28 triệu,1800472
HP,HP Envy 13-xx,Envy 13-ah,Từ 18 đến 20 triệu,1805399
HP,HP Envy 13-xx,Envy 13-ah,Từ 20 đến 22 triệu,1806177
HP,HP Envy 13-xx,Envy 13-ah,Từ 20 đến 22 triệu,18120012
HP,HP Envy 13-xx,Envy 13-ah,Từ 20 đến 22 triệu,18120171
HP,HP Envy 13-xx,Envy 13-ah,Từ 24 đến 26 triệu,1805398
HP,HP Envy 13-xx,Envy 13-ah,Từ 26 đến 28 triệu,19010044
HP,HP Envy 15-xx,Envy 15-as,Dưới 8 triệu,1700132
HP,HP Envy 15-xx,Envy 15-as,Từ 18 đến 20 triệu,1701645
HP,HP Envy X360 13-xx,Envy X360 13-ag,Từ 22 đến 24 triệu,19010177
HP,HP Envy X360 13-xx,Envy X360 13-ag,Từ 26 đến 28 triệu,19010176
HP,HP HP 14-xx,HP 14-am,Dưới 8 triệu,1700767
HP,HP HP 14-xx,HP 14-am,Dưới 8 triệu,1701094
HP,HP HP 14-xx,HP 14-am,Dưới 8 triệu,1701417
HP,HP HP 14-xx,HP 14-am,Dưới 8 triệu,1701646
HP,HP HP 14-xx,HP 14-am,Từ 10 đến 12 triệu,1702317
HP,HP HP 14-xx,HP 14-bs,Dưới 8 triệu,1702356
HP,HP HP 14-xx,HP 14-bs,Dưới 8 triệu,1800641
HP,HP HP 14-xx,HP 14-bs,Từ 08 đến 10 triệu,1702536
HP,HP HP 14-xx,HP 14-bs,Từ 08 đến 10 triệu,1702614
HP,HP HP 14-xx,HP 14-bs,Từ 10 đến 12 triệu,1800141
HP,HP HP 14-xx,HP 14-bs,Từ 12 đến 14 triệu,1702535
HP,HP HP 14-xx,HP 14-bs,Từ 12 đến 14 triệu,1805184
HP,HP HP 14-xx,HP 14-ck,Dưới 8 triệu,1809209
HP,HP HP 14-xx,HP 14-ck,Dưới 8 triệu,1810092
HP,HP HP 14-xx,HP 14-ck,Từ 08 đến 10 triệu,1809210
HP,HP HP 14-xx,HP 14-ck,Từ 08 đến 10 triệu,1809211
HP,HP HP 14-xx,HP 14-ck,Từ 12 đến 14 triệu,1808428
HP,HP HP 14-xx,HP 14-ck,Từ 12 đến 14 triệu,18120052
HP,HP HP 15-xx,HP 15-ay,Dưới 8 triệu,1700033
HP,HP HP 15-xx,HP 15-ay,Dưới 8 triệu,1700835
HP,HP HP 15-xx,HP 15-ay,Dưới 8 triệu,1700965
HP,HP HP 15-xx,HP 15-bs,Dưới 8 triệu,1702286
HP,HP HP 15-xx,HP 15-bs,Dưới 8 triệu,1702287
HP,HP HP 15-xx,HP 15-bs,Từ 08 đến 10 triệu,1702528
HP,HP HP 15-xx,HP 15-bs,Từ 10 đến 12 triệu,1702525
HP,HP HP 15-xx,HP 15-bs,Từ 10 đến 12 triệu,1806168
HP,HP HP 15-xx,HP 15-bs,Từ 12 đến 14 triệu,1702280
HP,HP HP 15-xx,HP 15-bs,Từ 12 đến 14 triệu,1800932
HP,HP HP 15-xx,HP 15-bs,Từ 14 đến 16 triệu,1800581
HP,HP HP 15-xx,HP 15-bs,Từ 14 đến 16 triệu,1806176
HP,HP HP 15-xx,HP 15-bs,Từ 16 đến 18 triệu,1702829
HP,HP HP 15-xx,HP 15-da,Dưới 8 triệu,1807526
HP,HP HP 15-xx,HP 15-da,Từ 08 đến 10 triệu,1808473
HP,HP HP 15-xx,HP 15-da,Từ 10 đến 12 triệu,1808027
HP,HP HP 15-xx,HP 15-da,Từ 12 đến 14 triệu,1807525
HP,HP HP 15-xx,HP 15-da,Từ 14 đến 16 triệu,1807527
HP,HP HP 15-xx,HP 15-da,Từ 14 đến 16 triệu,18110381
HP,HP HP 15-xx,HP 15-da,Từ 18 đến 20 triệu,19030342
HP,HP HP 240 Gx,HP 240 G6,Từ 12 đến 14 triệu,1809550
HP,HP HP 250 Gx,HP 250 G6,Từ 08 đến 10 triệu,1702200
HP,HP HP 250 Gx,HP 250 G6,Từ 08 đến 10 triệu,1809549
HP,HP HP 348 Gx,HP 348 G4,Dưới 8 triệu,1701195
HP,HP HP 348 Gx,HP 348 G4,Dưới 8 triệu,1800606
HP,HP HP X360 11-xx,HP X360 11-ad,Từ 12 đến 14 triệu,1807494
HP,HP Pavilion 14-xx,Pavilion 14-al,Dưới 8 triệu,1700034
HP,HP Pavilion 14-xx,Pavilion 14-al,Dưới 8 triệu,1700035
HP,HP Pavilion 14-xx,Pavilion 14-al,Dưới 8 triệu,1700172
HP,HP Pavilion 14-xx,Pavilion 14-al,Dưới 8 triệu,1700832
HP,HP Pavilion 14-xx,Pavilion 14-al,Dưới 8 triệu,1700833
HP,HP Pavilion 14-xx,Pavilion 14-al,Dưới 8 triệu,1700834
HP,HP Pavilion 14-xx,Pavilion 14-al,Từ 10 đến 12 triệu,1700013
HP,HP Pavilion 14-xx,Pavilion 14-bf,Dưới 8 triệu,1702437
HP,HP Pavilion 14-xx,Pavilion 14-bf,Từ 10 đến 12 triệu,1702421
HP,HP Pavilion 14-xx,Pavilion 14-bf,Từ 10 đến 12 triệu,1702683
HP,HP Pavilion 14-xx,Pavilion 14-bf,Từ 10 đến 12 triệu,1702783
HP,HP Pavilion 14-xx,Pavilion 14-bf,Từ 12 đến 14 triệu,1702621
HP,HP Pavilion 14-xx,Pavilion 14-bf,Từ 12 đến 14 triệu,1800848
HP,HP Pavilion 14-xx,Pavilion 14-bf,Từ 12 đến 14 triệu,1800849
HP,HP Pavilion 14-xx,Pavilion 14-bf,Từ 14 đến 16 triệu,1702620
HP,HP Pavilion 14-xx,Pavilion 14-bf,Từ 14 đến 16 triệu,1704925
HP,HP Pavilion 14-xx,Pavilion 14-bf,Từ 14 đến 16 triệu,1704926
HP,HP Pavilion 14-xx,Pavilion 14-bf,Từ 14 đến 16 triệu,1704927
HP,HP Pavilion 14-xx,Pavilion 14-bf,Từ 14 đến 16 triệu,1800539
HP,HP Pavilion 14-xx,Pavilion 14-bf,Từ 14 đến 16 triệu,1800540
HP,HP Pavilion 14-xx,Pavilion 14-bf,Từ 14 đến 16 triệu,1800541
HP,HP Pavilion 14-xx,Pavilion 14-ce,Từ 12 đến 14 triệu,1807495
HP,HP Pavilion 14-xx,Pavilion 14-ce,Từ 12 đến 14 triệu,1808426
HP,HP Pavilion 14-xx,Pavilion 14-ce,Từ 12 đến 14 triệu,18120051
HP,HP Pavilion 14-xx,Pavilion 14-ce,Từ 12 đến 14 triệu,19010425
HP,HP Pavilion 14-xx,Pavilion 14-ce,Từ 12 đến 14 triệu,19010426
HP,HP Pavilion 14-xx,Pavilion 14-ce,Từ 14 đến 16 triệu,1806192
HP,HP Pavilion 14-xx,Pavilion 14-ce,Từ 14 đến 16 triệu,1806193
HP,HP Pavilion 14-xx,Pavilion 14-ce,Từ 14 đến 16 triệu,1806194
HP,HP Pavilion 14-xx,Pavilion 14-ce,Từ 14 đến 16 triệu,18120015
HP,HP Pavilion 14-xx,Pavilion 14-ce,Từ 14 đến 16 triệu,18120124
HP,HP Pavilion 14-xx,Pavilion 14-ce,Từ 14 đến 16 triệu,18120125
HP,HP Pavilion 15-xx,Pavilion 15-au,Dưới 8 triệu,1700015
HP,HP Pavilion 15-xx,Pavilion 15-au,Dưới 8 triệu,1700768
HP,HP Pavilion 15-xx,Pavilion 15-au,Dưới 8 triệu,1700769
HP,HP Pavilion 15-xx,Pavilion 15-au,Dưới 8 triệu,1700771
HP,HP Pavilion 15-xx,Pavilion 15-au,Dưới 8 triệu,1701264
HP,HP Pavilion 15-xx,Pavilion 15-au,Dưới 8 triệu,1701267
HP,HP Pavilion 15-xx,Pavilion 15-au,Dưới 8 triệu,1701828
HP,HP Pavilion 15-xx,Pavilion 15-au,Từ 08 đến 10 triệu,1602768
HP,HP Pavilion 15-xx,Pavilion 15-au,Từ 10 đến 12 triệu,1603762
HP,HP Pavilion 15-xx,Pavilion 15-au,Từ 10 đến 12 triệu,1700016
HP,HP Pavilion 15-xx,Pavilion 15-au,Từ 10 đến 12 triệu,1700770
HP,HP Pavilion 15-xx,Pavilion 15-au,Từ 10 đến 12 triệu,1701265
HP,HP Pavilion 15-xx,Pavilion 15-au,Từ 12 đến 14 triệu,1603758
HP,HP Pavilion 15-xx,Pavilion 15-au,Từ 12 đến 14 triệu,1603761
HP,HP Pavilion 15-xx,Pavilion 15-au,Từ 12 đến 14 triệu,1701262
HP,HP Pavilion 15-xx,Pavilion 15-cc,Dưới 8 triệu,1702686
HP,HP Pavilion 15-xx,Pavilion 15-cc,Dưới 8 triệu,1702687
HP,HP Pavilion 15-xx,Pavilion 15-cc,Dưới 8 triệu,1702688
HP,HP Pavilion 15-xx,Pavilion 15-cc,Từ 10 đến 12 triệu,1702615
HP,HP Pavilion 15-xx,Pavilion 15-cc,Từ 10 đến 12 triệu,1702616
HP,HP Pavilion 15-xx,Pavilion 15-cc,Từ 10 đến 12 triệu,1800644
HP,HP Pavilion 15-xx,Pavilion 15-cc,Từ 10 đến 12 triệu,1800846
HP,HP Pavilion 15-xx,Pavilion 15-cc,Từ 10 đến 12 triệu,1800847
HP,HP Pavilion 15-xx,Pavilion 15-cc,Từ 12 đến 14 triệu,1702613
HP,HP Pavilion 15-xx,Pavilion 15-cc,Từ 12 đến 14 triệu,1702617
HP,HP Pavilion 15-xx,Pavilion 15-cc,Từ 14 đến 16 triệu,1704809
HP,HP Pavilion 15-xx,Pavilion 15-cc,Từ 14 đến 16 triệu,1704810
HP,HP Pavilion 15-xx,Pavilion 15-cc,Từ 14 đến 16 triệu,1704811
HP,HP Pavilion 15-xx,Pavilion 15-cc,Từ 14 đến 16 triệu,1704812
HP,HP Pavilion 15-xx,Pavilion 15-cc,Từ 14 đến 16 triệu,1800142
HP,HP Pavilion 15-xx,Pavilion 15-cc,Từ 14 đến 16 triệu,1800612
HP,HP Pavilion 15-xx,Pavilion 15-cc,Từ 14 đến 16 triệu,1800642
HP,HP Pavilion 15-xx,Pavilion 15-cc,Từ 14 đến 16 triệu,1800977
HP,HP Pavilion 15-xx,Pavilion 15-cc,Từ 14 đến 16 triệu,1805173
HP,HP Pavilion 15-xx,Pavilion 15-cc,Từ 16 đến 18 triệu,1702612
HP,HP Pavilion 15-xx,Pavilion 15-cc,Từ 16 đến 18 triệu,1800147
HP,HP Pavilion 15-xx,Pavilion 15-cc,Từ 16 đến 18 triệu,1805462
HP,HP Pavilion 15-xx,Pavilion 15-cs,Dưới 8 triệu,1806245
HP,HP Pavilion 15-xx,Pavilion 15-cs,Dưới 8 triệu,1806246
HP,HP Pavilion 15-xx,Pavilion 15-cs,Dưới 8 triệu,1806247
HP,HP Pavilion 15-xx,Pavilion 15-cs,Từ 12 đến 14 triệu,1807332
HP,HP Pavilion 15-xx,Pavilion 15-cs,Từ 12 đến 14 triệu,1807334
HP,HP Pavilion 15-xx,Pavilion 15-cs,Từ 14 đến 16 triệu,1807333
HP,HP Pavilion 15-xx,Pavilion 15-cs,Từ 14 đến 16 triệu,1807457
HP,HP Pavilion 15-xx,Pavilion 15-cs,Từ 14 đến 16 triệu,1808102
HP,HP Pavilion 15-xx,Pavilion 15-cs,Từ 14 đến 16 triệu,18120010
HP,HP Pavilion 15-xx,Pavilion 15-cs,Từ 14 đến 16 triệu,18120126
HP,HP Pavilion 15-xx,Pavilion 15-cs,Từ 14 đến 16 triệu,18120127
HP,HP Pavilion 15-xx,Pavilion 15-cs,Từ 16 đến 18 triệu,18110331
HP,HP Pavilion 15-xx,Pavilion 15-cs,Từ 16 đến 18 triệu,18120011
HP,HP Pavilion 15-xx,Pavilion 15-cs,Từ 18 đến 20 triệu,1809231
HP,HP Pavilion 15-xx,Pavilion 15-cs,Từ 18 đến 20 triệu,19010043
HP,HP Pavilion Gaming 15-xx,Pavilion Gaming 15-cx,Từ 22 đến 24 triệu,1809173
HP,HP Pavilion Gaming 15-xx,Pavilion Gaming 15-cx,Từ 24 đến 26 triệu,1809172
HP,HP Pavilion Gaming 15-xx,Pavilion Gaming 15-cx,Từ 26 đến 28 triệu,1809326
HP,HP Pavilion Gaming 15-xx,Pavilion Gaming 15-cx,Từ 28 đến 30 triệu,1809327
HP,HP Pavilion Gaming 15-xx,Pavilion Power 15-cb,Từ 20 đến 22 triệu,1807458
HP,HP Pavilion Gaming 15-xx,Pavilion Power 15-cb,Từ 22 đến 24 triệu,1807459
HP,HP Pavilion Gaming 15-xx,Pavilion Power 15-cb,Từ 26 đến 28 triệu,1702531
HP,HP Pavilion Gaming 15-xx,Pavilion Power 15-cb,Từ 28 đến 30 triệu,1702532
HP,HP Pavilion X360 11-xx,Pavilion X360 11-ad,Từ 12 đến 14 triệu,1702420
HP,HP Pavilion X360 11-xx,Pavilion X360 11-ad,Từ 12 đến 14 triệu,1805027
HP,HP Pavilion X360 11-xx,Pavilion X360 11-u,Dưới 8 triệu,1700170
HP,HP Pavilion X360 11-xx,Pavilion X360 11-u,Dưới 8 triệu,1700171
HP,HP Pavilion X360 14-xx,Pavilion X360 14-ba,Từ 12 đến 14 triệu,1702357
HP,HP Pavilion X360 14-xx,Pavilion X360 14-ba,Từ 12 đến 14 triệu,1703124
HP,HP Pavilion X360 14-xx,Pavilion X360 14-ba,Từ 12 đến 14 triệu,1806213
HP,HP Pavilion X360 14-xx,Pavilion X360 14-ba,Từ 16 đến 18 triệu,1702358
HP,HP Pavilion X360 14-xx,Pavilion X360 14-ba,Từ 16 đến 18 triệu,1702359
HP,HP Pavilion X360 14-xx,Pavilion X360 14-ba,Từ 16 đến 18 triệu,1800470
HP,HP Pavilion X360 14-xx,Pavilion X360 14-ba,Từ 16 đến 18 triệu,1800529
HP,HP Pavilion X360 14-xx,Pavilion X360 14-ba,Từ 16 đến 18 triệu,1806214
HP,HP Pavilion X360 14-xx,Pavilion X360 14-ba,Từ 16 đến 18 triệu,1806215
HP,HP Pavilion X360 14-xx,Pavilion X360 14-ba,Từ 18 đến 20 triệu,1702999
HP,HP Pavilion X360 14-xx,Pavilion X360 14-cd,Từ 12 đến 14 triệu,1809208
HP,HP Pavilion X360 14-xx,Pavilion X360 14-cd,Từ 12 đến 14 triệu,19010042
HP,HP Probook 430 Gx,Probook 430 G3,Dưới 8 triệu,1701038
HP,HP Probook 430 Gx,Probook 430 G4,Từ 12 đến 14 triệu,1700017
HP,HP Probook 430 Gx,Probook 430 G4,Từ 14 đến 16 triệu,1603756
HP,HP Probook 430 Gx,Probook 430 G4,Từ 14 đến 16 triệu,1701630
HP,HP Probook 430 Gx,Probook 430 G4,Từ 16 đến 18 triệu,1701631
HP,HP Probook 430 Gx,Probook 430 G5,Từ 12 đến 14 triệu,1704805
HP,HP Probook 430 Gx,Probook 430 G5,Từ 12 đến 14 triệu,1809232
HP,HP Probook 430 Gx,Probook 430 G5,Từ 14 đến 16 triệu,1704807
HP,HP Probook 430 Gx,Probook 430 G5,Từ 16 đến 18 triệu,1703319
HP,HP Probook 430 Gx,Probook 430 G5,Từ 16 đến 18 triệu,1704806
HP,HP Probook 430 Gx,Probook 430 G5,Từ 18 đến 20 triệu,1800146
HP,HP Probook 430 Gx,Probook 430 G5,Từ 20 đến 22 triệu,1703320
HP,HP Probook 430 Gx,Probook 430 G6,Từ 16 đến 18 triệu,19030067
HP,HP Probook 430 Gx,Probook 430 G6,Từ 16 đến 18 triệu,19030458
HP,HP Probook 430 Gx,Probook 430 G6,Từ 22 đến 24 triệu,19030066
HP,HP Probook 440 Gx,Probook 440 G4,Dưới 8 triệu,1700804
HP,HP Probook 440 Gx,Probook 440 G4,Từ 14 đến 16 triệu,1603672
HP,HP Probook 440 Gx,Probook 440 G4,Từ 14 đến 16 triệu,1700842
HP,HP Probook 440 Gx,Probook 440 G5,Dưới 8 triệu,1800169
HP,HP Probook 440 Gx,Probook 440 G5,Từ 10 đến 12 triệu,1704820
HP,HP Probook 440 Gx,Probook 440 G5,Từ 12 đến 14 triệu,1810516
HP,HP Probook 440 Gx,Probook 440 G5,Từ 14 đến 16 triệu,1703107
HP,HP Probook 440 Gx,Probook 440 G5,Từ 14 đến 16 triệu,1704817
HP,HP Probook 440 Gx,Probook 440 G5,Từ 16 đến 18 triệu,1704815
HP,HP Probook 440 Gx,Probook 440 G5,Từ 16 đến 18 triệu,1800542
HP,HP Probook 440 Gx,Probook 440 G5,Từ 20 đến 22 triệu,1704816
HP,HP Probook 440 Gx,Probook 440 G5,Từ 20 đến 22 triệu,1704818
HP,HP Probook 440 Gx,Probook 440 G6,Từ 12 đến 14 triệu,19030313
HP,HP Probook 440 Gx,Probook 440 G6,Từ 16 đến 18 triệu,19030314
HP,HP Probook 440 Gx,Probook 440 G6,Từ 22 đến 24 triệu,19030315
HP,HP Probook 440 Gx,Probook 440 G6,Từ 24 đến 26 triệu,19030316
HP,HP Probook 450 Gx,Probook 450 G4,Dưới 8 triệu,1700018
HP,HP Probook 450 Gx,Probook 450 G4,Dưới 8 triệu,1700839
HP,HP Probook 450 Gx,Probook 450 G4,Dưới 8 triệu,1701980
HP,HP Probook 450 Gx,Probook 450 G4,Từ 14 đến 16 triệu,1700841
HP,HP Probook 450 Gx,Probook 450 G4,Từ 16 đến 18 triệu,1702199
HP,HP Probook 450 Gx,Probook 450 G4,Từ 20 đến 22 triệu,1603534
HP,HP Probook 450 Gx,ProBook 450 G5,Từ 12 đến 14 triệu,1800525
HP,HP Probook 450 Gx,ProBook 450 G5,Từ 16 đến 18 triệu,1703106
HP,HP Probook 450 Gx,ProBook 450 G5,Từ 16 đến 18 triệu,1703110
HP,HP Probook 450 Gx,ProBook 450 G5,Từ 16 đến 18 triệu,1704819
HP,HP Probook 450 Gx,ProBook 450 G5,Từ 16 đến 18 triệu,1800524
HP,HP Probook 450 Gx,ProBook 450 G5,Từ 16 đến 18 triệu,1800526
HP,HP Probook 450 Gx,ProBook 450 G5,Từ 16 đến 18 triệu,1808427
HP,HP Probook 450 Gx,ProBook 450 G5,Từ 20 đến 22 triệu,1703108
HP,HP Probook 450 Gx,ProBook 450 G5,Từ 24 đến 26 triệu,1703109
HP,HP Probook 450 Gx,ProBook 450 G6,Từ 12 đến 14 triệu,19030457
HP,HP Probook 450 Gx,ProBook 450 G6,Từ 16 đến 18 triệu,19030299
HP,HP Probook 450 Gx,ProBook 450 G6,Từ 16 đến 18 triệu,19030317
HP,HP Probook 450 Gx,ProBook 450 G6,Từ 18 đến 20 triệu,19020315
HP,HP Probook 450 Gx,ProBook 450 G6,Từ 24 đến 26 triệu,19020316
HP,HP Spectre 13-xx,Spectre 13-af,Trên 30 triệu,1704879
HP,HP Spectre 13-xx,Spectre 13-af,Trên 30 triệu,1808474
HP,HP Spectre x360-xx,Spectre x360-ac,Trên 30 triệu,1701451
HP,HP Spectre x360-xx,Spectre x360-ae,Trên 30 triệu,1704880
HP,HP Spectre x360-xx,Spectre x360-ae,Trên 30 triệu,1805174
Lenovo,LENOVO Ideapad 1xx,Ideapad 100,Dưới 8 triệu,1701085
Lenovo,LENOVO Ideapad 1xx,Ideapad 110,Dưới 8 triệu,1603450
Lenovo,LENOVO Ideapad 1xx,Ideapad 110,Dưới 8 triệu,1700065
Lenovo,LENOVO Ideapad 1xx,Ideapad 110,Dưới 8 triệu,1701602
Lenovo,LENOVO Ideapad 1xx,Ideapad 110,Dưới 8 triệu,1702022
Lenovo,LENOVO Ideapad 1xx,Ideapad 110,Dưới 8 triệu,1702203
Lenovo,LENOVO Ideapad 1xx,Ideapad 110,Dưới 8 triệu,1702260
Lenovo,LENOVO Ideapad 1xx,Ideapad 110,Dưới 8 triệu,1702991
Lenovo,LENOVO Ideapad 1xx,Ideapad 110,Dưới 8 triệu,1800945
Lenovo,LENOVO Ideapad 1xx,Ideapad 110,Từ 08 đến 10 triệu,1702232
Lenovo,LENOVO Ideapad 1xx,Ideapad 120s,Dưới 8 triệu,1702345
Lenovo,LENOVO Ideapad 1xx,Ideapad 120s,Dưới 8 triệu,1702805
Lenovo,LENOVO Ideapad 1xx,Ideapad 120s,Dưới 8 triệu,1703093
Lenovo,LENOVO Ideapad 1xx,Ideapad 120s,Dưới 8 triệu,1704850
Lenovo,LENOVO Ideapad 1xx,Ideapad 120s,Dưới 8 triệu,1800833
Lenovo,LENOVO Ideapad 1xx,Ideapad 130,Dưới 8 triệu,19030168
Lenovo,LENOVO Ideapad 1xx,Ideapad 130,Dưới 8 triệu,19030169
Lenovo,LENOVO Ideapad 1xx,Ideapad 130,Từ 10 đến 12 triệu,19010014
Lenovo,LENOVO Ideapad 3xx,Ideapad 310,Dưới 8 triệu,1700066
Lenovo,LENOVO Ideapad 3xx,Ideapad 310,Dưới 8 triệu,1700202
Lenovo,LENOVO Ideapad 3xx,Ideapad 310,Dưới 8 triệu,1701036
Lenovo,LENOVO Ideapad 3xx,Ideapad 310,Dưới 8 triệu,1701419
Lenovo,LENOVO Ideapad 3xx,Ideapad 310,Dưới 8 triệu,1701638
Lenovo,LENOVO Ideapad 3xx,Ideapad 310,Dưới 8 triệu,1701639
Lenovo,LENOVO Ideapad 3xx,Ideapad 310,Dưới 8 triệu,1702201
Lenovo,LENOVO Ideapad 3xx,Ideapad 310,Từ 08 đến 10 triệu,1701859
Lenovo,LENOVO Ideapad 3xx,Ideapad 310,Từ 10 đến 12 triệu,1702883
Lenovo,LENOVO Ideapad 3xx,Ideapad 310,Từ 12 đến 14 triệu,1702105
Lenovo,LENOVO Ideapad 3xx,Ideapad 320,Dưới 8 triệu,19010414
Lenovo,LENOVO Ideapad 3xx,Ideapad 320,Từ 08 đến 10 triệu,1702040
Lenovo,LENOVO Ideapad 3xx,Ideapad 320,Từ 08 đến 10 triệu,1702457
Lenovo,LENOVO Ideapad 3xx,Ideapad 320,Từ 08 đến 10 triệu,1702579
Lenovo,LENOVO Ideapad 3xx,Ideapad 320,Từ 08 đến 10 triệu,1702684
Lenovo,LENOVO Ideapad 3xx,Ideapad 320,Từ 08 đến 10 triệu,1703309
Lenovo,LENOVO Ideapad 3xx,Ideapad 320,Từ 08 đến 10 triệu,1800144
Lenovo,LENOVO Ideapad 3xx,Ideapad 320,Từ 10 đến 12 triệu,1702456
Lenovo,LENOVO Ideapad 3xx,Ideapad 320,Từ 10 đến 12 triệu,1702606
Lenovo,LENOVO Ideapad 3xx,Ideapad 320,Từ 10 đến 12 triệu,1702659
Lenovo,LENOVO Ideapad 3xx,Ideapad 320,Từ 10 đến 12 triệu,1702685
Lenovo,LENOVO Ideapad 3xx,Ideapad 320,Từ 10 đến 12 triệu,1702825
Lenovo,LENOVO Ideapad 3xx,Ideapad 320,Từ 10 đến 12 triệu,1704849
Lenovo,LENOVO Ideapad 3xx,Ideapad 320,Từ 10 đến 12 triệu,1705091
Lenovo,LENOVO Ideapad 3xx,Ideapad 320,Từ 10 đến 12 triệu,1800431
Lenovo,LENOVO Ideapad 3xx,Ideapad 320,Từ 12 đến 14 triệu,1704808
Lenovo,LENOVO Ideapad 3xx,Ideapad 320,Từ 12 đến 14 triệu,1705053
Lenovo,LENOVO Ideapad 3xx,Ideapad 320,Từ 12 đến 14 triệu,1800145
Lenovo,LENOVO Ideapad 3xx,Ideapad 320,Từ 12 đến 14 triệu,1800474
Lenovo,LENOVO Ideapad 3xx,Ideapad 320,Từ 16 đến 18 triệu,1800473
Lenovo,LENOVO Ideapad 3xx,Ideapad 330,Dưới 8 triệu,1808259
Lenovo,LENOVO Ideapad 3xx,Ideapad 330,Từ 08 đến 10 triệu,1808258
Lenovo,LENOVO Ideapad 3xx,Ideapad 330,Từ 08 đến 10 triệu,1810909
Lenovo,LENOVO Ideapad 3xx,Ideapad 330,Từ 08 đến 10 triệu,18120129
Lenovo,LENOVO Ideapad 3xx,Ideapad 330,Từ 10 đến 12 triệu,1807600
Lenovo,LENOVO Ideapad 3xx,Ideapad 330,Từ 10 đến 12 triệu,1808260
Lenovo,LENOVO Ideapad 3xx,Ideapad 330,Từ 10 đến 12 triệu,1810910
Lenovo,LENOVO Ideapad 3xx,Ideapad 330,Từ 10 đến 12 triệu,18110332
Lenovo,LENOVO Ideapad 3xx,Ideapad 330,Từ 12 đến 14 triệu,1807598
Lenovo,LENOVO Ideapad 3xx,Ideapad 330,Từ 12 đến 14 triệu,1807599
Lenovo,LENOVO Ideapad 3xx,Ideapad 330,Từ 12 đến 14 triệu,1809644
Lenovo,LENOVO Ideapad 3xx,Ideapad 330,Từ 12 đến 14 triệu,18120532
Lenovo,LENOVO Ideapad 3xx,Ideapad 330,Từ 16 đến 18 triệu,18110441
Lenovo,LENOVO Ideapad 3xxS,Ideapad 320S,Dưới 8 triệu,1702826
Lenovo,LENOVO Ideapad 3xxS,Ideapad 320S,Từ 10 đến 12 triệu,1702283
Lenovo,LENOVO Ideapad 3xxS,Ideapad 320S,Từ 12 đến 14 triệu,1703195
Lenovo,LENOVO Ideapad 3xxS,Ideapad 320S,Từ 14 đến 16 triệu,1800110
Lenovo,LENOVO Ideapad 3xxS,Ideapad 320S,Từ 14 đến 16 triệu,1800280
Lenovo,LENOVO Ideapad 3xxS,Ideapad 330S,Từ 12 đến 14 triệu,1810570
Lenovo,LENOVO Ideapad 5xx,Ideapad 510,Dưới 8 triệu,1701052
Lenovo,LENOVO Ideapad 5xx,Ideapad 510,Từ 18 đến 20 triệu,1701771
Lenovo,LENOVO Ideapad 5xx,Ideapad 520,Từ 14 đến 16 triệu,1702419
Lenovo,LENOVO Ideapad 5xx,Ideapad 520,Từ 14 đến 16 triệu,1800112
Lenovo,LENOVO Ideapad 5xx,Ideapad 520,Từ 14 đến 16 triệu,1800475
Lenovo,LENOVO Ideapad 5xxS,Ideapad 520s,Từ 10 đến 12 triệu,1704884
Lenovo,LENOVO Ideapad 5xxS,Ideapad 520s,Từ 14 đến 16 triệu,1704882
Lenovo,LENOVO Ideapad 5xxS,Ideapad 530s,Từ 16 đến 18 triệu,1808090
Lenovo,LENOVO Ideapad 7xxS,Ideapad 710S,Dưới 8 triệu,1702534
Lenovo,LENOVO Ideapad 7xxS,Ideapad 710S,Từ 14 đến 16 triệu,1702261
Lenovo,LENOVO Ideapad 7xxS,Ideapad 720s,Từ 20 đến 22 triệu,1704883
Lenovo,LENOVO Ideapad 7xxS,Ideapad 720s,Từ 22 đến 24 triệu,1800174
Lenovo,LENOVO Ideapad S53x,Ideapad S530,Từ 18 đến 20 triệu,19030103
Lenovo,LENOVO Ideapad Y5xx,Ideapad Y520,Dưới 8 triệu,1702427
Lenovo,LENOVO Ideapad Y5xx,Ideapad Y520,Từ 20 đến 22 triệu,1701579
Lenovo,LENOVO Ideapad Y5xx,Ideapad Y520,Từ 20 đến 22 triệu,1800154
Lenovo,LENOVO Ideapad Y5xx,Ideapad Y520,Từ 22 đến 24 triệu,1701580
Lenovo,LENOVO Ideapad Y5xx,Ideapad Y520,Từ 24 đến 26 triệu,1800109
Lenovo,LENOVO Ideapad Y5xx,Ideapad Y520,Từ 24 đến 26 triệu,1800941
Lenovo,LENOVO Ideapad Yoga9xx,Ideapad Yoga910,Trên 30 triệu,1700974
Lenovo,LENOVO Legion Y5xx,Legion Y530,Từ 20 đến 22 triệu,1810057
Lenovo,LENOVO Legion Y5xx,Legion Y530,Từ 22 đến 24 triệu,1810056
Lenovo,LENOVO Legion Y5xx,Legion Y530,Từ 26 đến 28 triệu,18120024
Lenovo,LENOVO Legion Y7xx,Legion Y730,Trên 30 triệu,18120192
Lenovo,LENOVO Thinkpad 13 Gx,Thinkpad 13 G2,Dưới 8 triệu,1701545
Lenovo,LENOVO Thinkpad 13 Gx,Thinkpad 13 G2,Từ 12 đến 14 triệu,1703197
Lenovo,LENOVO Thinkpad 13 Gx,Thinkpad 13 G2,Từ 14 đến 16 triệu,1701544
Lenovo,LENOVO Thinkpad 13 Gx,Thinkpad 13 G2,Từ 18 đến 20 triệu,1702819
Lenovo,LENOVO Thinkpad E4xx,Thinkpad E470,Từ 12 đến 14 triệu,1700948
Lenovo,LENOVO Thinkpad E4xx,Thinkpad E470,Từ 14 đến 16 triệu,1701577
Lenovo,LENOVO Thinkpad E4xx,Thinkpad E480,Từ 14 đến 16 triệu,1800942
Lenovo,LENOVO Thinkpad E5xx,Thinkpad E570,Từ 12 đến 14 triệu,1700949
Lenovo,LENOVO Thinkpad E5xx,Thinkpad E570,Từ 14 đến 16 triệu,1701578
Lenovo,LENOVO Thinkpad E5xx,Thinkpad E570,Từ 16 đến 18 triệu,1800575
Lenovo,LENOVO Thinkpad E5xx,Thinkpad E580,Từ 14 đến 16 triệu,18110048
Lenovo,LENOVO Thinkpad L3xx,Thinkpad L380,Từ 18 đến 20 triệu,1801012
Lenovo,LENOVO Thinkpad L3xx,Thinkpad L380,Từ 22 đến 24 triệu,1805175
Lenovo,LENOVO Thinkpad L3xx,Thinkpad L380,Từ 24 đến 26 triệu,18120130
Lenovo,LENOVO Thinkpad L4xx,Thinkpad L480,Từ 16 đến 18 triệu,1801011
Lenovo,LENOVO Thinkpad L5xx,Thinkpad L580,Từ 20 đến 22 triệu,18110047
Lenovo,LENOVO Thinkpad T4xx,Thinkpad T480,Từ 26 đến 28 triệu,1810947
Lenovo,LENOVO Thinkpad T4xxs,Thinkpad T460s,Dưới 8 triệu,1701070
Lenovo,LENOVO Thinkpad T4xxs,Thinkpad T460s,Dưới 8 triệu,1701166
Lenovo,LENOVO Thinkpad T4xxs,Thinkpad T480s,Từ 28 đến 30 triệu,1810980
Lenovo,LENOVO Thinkpad T4xxs,Thinkpad T480s,Trên 30 triệu,18110057
Lenovo,LENOVO Thinkpad x2xx,Thinkpad x280,Từ 28 đến 30 triệu,18120016
Lenovo,LENOVO Thinkpad Yoga 3xx,Thinkpad Yoga 370,Trên 30 triệu,1800898
Lenovo,LENOVO V1xx,V130,Dưới 8 triệu,1810090
Lenovo,LENOVO V1xx,V130,Từ 08 đến 10 triệu,1809168
Lenovo,LENOVO V3xx,Ideapad V310,Dưới 8 triệu,1702002
Lenovo,LENOVO V3xx,V330,Dưới 8 triệu,18110442
Lenovo,LENOVO V3xx,V330,Từ 10 đến 12 triệu,1800944
Lenovo,LENOVO V3xx,V330,Từ 12 đến 14 triệu,1800943
Lenovo,LENOVO V3xx,V330,Từ 12 đến 14 triệu,1810911
Lenovo,LENOVO Yoga 3xx,Yoga 310,Dưới 8 triệu,1701641
Lenovo,LENOVO Yoga 3xx,YoGa3 Pro,Từ 16 đến 18 triệu,1503567
Lenovo,LENOVO Yoga 5xx,Yoga 510,Dưới 8 triệu,1701097
Lenovo,LENOVO Yoga 5xx,Yoga 510,Từ 08 đến 10 triệu,1701403
Lenovo,LENOVO Yoga 5xx,Yoga 520,Từ 10 đến 12 triệu,1702369
Lenovo,LENOVO Yoga 5xx,Yoga 520,Từ 10 đến 12 triệu,1705049
Lenovo,LENOVO Yoga 5xx,Yoga 520,Từ 10 đến 12 triệu,1805176
Lenovo,LENOVO Yoga 5xx,Yoga 520,Từ 10 đến 12 triệu,1808091
Lenovo,LENOVO Yoga 5xx,Yoga 520,Từ 12 đến 14 triệu,1702558
Lenovo,LENOVO Yoga 5xx,Yoga 520,Từ 12 đến 14 triệu,1705092
Lenovo,LENOVO Yoga 5xx,Yoga 520,Từ 12 đến 14 triệu,1800636
Lenovo,LENOVO Yoga 5xx,Yoga 520,Từ 12 đến 14 triệu,1808089
Lenovo,LENOVO Yoga 5xx,Yoga 520,Từ 14 đến 16 triệu,1701770
Lenovo,LENOVO Yoga 5xx,Yoga 520,Từ 14 đến 16 triệu,1704851
Lenovo,LENOVO Yoga 5xx,Yoga 520,Từ 14 đến 16 triệu,1705048
Lenovo,LENOVO Yoga 5xx,Yoga 520,Từ 14 đến 16 triệu,1800639
Lenovo,LENOVO Yoga 5xx,Yoga 520,Từ 14 đến 16 triệu,1800850
Lenovo,LENOVO Yoga 5xx,Yoga 520,Từ 14 đến 16 triệu,1808092
Lenovo,LENOVO Yoga 7xx,Yoga 720,Từ 22 đến 24 triệu,1702282
Lenovo,LENOVO Yoga 7xx,Yoga 720,Từ 26 đến 28 triệu,1800111
Lenovo,LENOVO Yoga 7xx,Yoga700,Dưới 8 triệu,1701098
Lenovo,LENOVO Yoga 7xx,Yoga700,Dưới 8 triệu,1701099
Lenovo,LENOVO Yoga 9xx,Yoga920,Trên 30 triệu,1800153
Lenovo,LENOVO Yoga S7xx,Yoga S730,Từ 22 đến 24 triệu,19010082
Lenovo,LENOVO Yoga S7xx,Yoga S730,Từ 26 đến 28 triệu,19010083
LG,LG 13ZD9xx,13ZD970,Từ 22 đến 24 triệu,1702247
LG,LG 13ZD9xx,13ZD980,Từ 26 đến 28 triệu,1808353
LG,LG 14Z9xx,14Z970,Từ 24 đến 26 triệu,1702249
LG,LG 14Z9xx,14Z980,Trên 30 triệu,1808103
LG,LG 14ZD9xx,14ZD970,Từ 24 đến 26 triệu,1702248
LG,LG 14ZD9xx,14ZD980,Từ 26 đến 28 triệu,1808355
LG,LG 15Z9xx,15Z970,Trên 30 triệu,1702250
LG,LG 15Z9xx,15Z980,Trên 30 triệu,1808354
MacBook,MacBook 12,MacBook 12,Dưới 8 triệu,1501984
MacBook,MacBook 12,MacBook 12,Dưới 8 triệu,1502923
MacBook,MacBook 12,MacBook 12,Dưới 8 triệu,1701146
MacBook,MacBook 12,MacBook 12,Dưới 8 triệu,1702319
MacBook,MacBook 12,MacBook 12,Dưới 8 triệu,1702320
MacBook,MacBook 12,MacBook 12,Dưới 8 triệu,1702341
MacBook,MacBook 12,MacBook 12,Dưới 8 triệu,1702362
MacBook,MacBook 12,MacBook 12,Dưới 8 triệu,1703351
MacBook,MacBook 12,MacBook 12,Dưới 8 triệu,1703352
MacBook,MacBook 12,MacBook 12,Dưới 8 triệu,1800106
MacBook,MacBook 12,MacBook 12,Trên 30 triệu,1702057
MacBook,MacBook 12,MacBook 12,Trên 30 triệu,1703221
MacBook,MacBook 12,MacBook 12,Trên 30 triệu,1703353
MacBook,MacBook 12,MacBook 12,Trên 30 triệu,1800082
MacBook,MacBook 12,MacBook 12,Trên 30 triệu,1800090
MacBook,MacBook 12,MacBook 12,Trên 30 triệu,1800107
MacBook,MacBook 12,MacBook 12,Trên 30 triệu,1800117
MacBook,MacBook 12,MacBook 12,Trên 30 triệu,1805043
MacBook,MacBook 13,MacBook 13.3,Dưới 8 triệu,1700081
MacBook,MacBook 13,MacBook 13.3,Dưới 8 triệu,1700082
MacBook,MacBook 13,MacBook 13.3,Dưới 8 triệu,1700083
MacBook,MacBook 13,MacBook 13.3,Dưới 8 triệu,1700966
MacBook,MacBook 13,MacBook 13.3,Dưới 8 triệu,1701126
MacBook,MacBook 13,MacBook 13.3,Dưới 8 triệu,1701127
MacBook,MacBook 13,MacBook 13.3,Dưới 8 triệu,1702039
MacBook,MacBook 13,MacBook 13.3,Dưới 8 triệu,1702326
MacBook,MacBook 13,MacBook 13.3,Dưới 8 triệu,1702339
MacBook,MacBook 13,MacBook 13.3,Dưới 8 triệu,1702425
MacBook,MacBook 13,MacBook 13.3,Dưới 8 triệu,1702471
MacBook,MacBook 13,MacBook 13.3,Dưới 8 triệu,1702541
MacBook,MacBook 13,MacBook 13.3,Dưới 8 triệu,1702542
MacBook,MacBook 13,MacBook 13.3,Trên 30 triệu,1702059
MacBook,MacBook 13,MacBook 13.3,Trên 30 triệu,1702060
MacBook,MacBook 13,MacBook 13.3,Trên 30 triệu,1702328
MacBook,MacBook 13,MacBook 13.3,Trên 30 triệu,1702338
MacBook,MacBook 13,MacBook 13.3,Trên 30 triệu,1703161
MacBook,MacBook 13,MacBook 13.3,Trên 30 triệu,1703162
MacBook,MacBook 13,MacBook 13.3,Trên 30 triệu,1800072
MacBook,MacBook 13,MacBook 13.3,Trên 30 triệu,1800355
MacBook,MacBook 13,MacBook 13.3,Trên 30 triệu,1800601
MacBook,MacBook 13,MacBook 13.3,Trên 30 triệu,1805140
MacBook,MacBook 13,MacBook 13.3,Trên 30 triệu,1805373
MacBook,MacBook 13,MacBook 13.3,Trên 30 triệu,1805413
MacBook,MacBook 13,MacBook 13.3,Trên 30 triệu,1806062
MacBook,MacBook 13,MacBook 13.3,Trên 30 triệu,1807474
MacBook,MacBook 13,MacBook 13.3,Trên 30 triệu,1808313
MacBook,MacBook 13,MacBook 13.3,Trên 30 triệu,1808314
MacBook,MacBook 13,MacBook 13.3,Trên 30 triệu,1808315
MacBook,MacBook 13,MacBook 13.3,Trên 30 triệu,1808316
MacBook,MacBook 15,MacBook 15,Dưới 8 triệu,1700084
MacBook,MacBook 15,MacBook 15,Dưới 8 triệu,1700201
MacBook,MacBook 15,MacBook 15,Dưới 8 triệu,1701128
MacBook,MacBook 15,MacBook 15,Dưới 8 triệu,1701910
MacBook,MacBook 15,MacBook 15,Dưới 8 triệu,1702058
MacBook,MacBook 15,MacBook 15,Dưới 8 triệu,1702087
MacBook,MacBook 15,MacBook 15,Dưới 8 triệu,1702321
MacBook,MacBook 15,MacBook 15,Dưới 8 triệu,1703355
MacBook,MacBook 15,MacBook 15,Dưới 8 triệu,1703357
MacBook,MacBook 15,MacBook 15,Dưới 8 triệu,1704827
MacBook,MacBook 15,MacBook 15,Dưới 8 triệu,1800893
MacBook,MacBook 15,MacBook 15,Dưới 8 triệu,1805040
MacBook,MacBook 15,MacBook 15,Dưới 8 triệu,1808319
MacBook,MacBook 15,MacBook 15,Dưới 8 triệu,1808320
MacBook,MacBook 15,MacBook 15,Trên 30 triệu,1704826
MacBook,MacBook 15,MacBook 15,Trên 30 triệu,1800918
MacBook,MacBook 15,MacBook 15,Trên 30 triệu,1808317
MacBook,MacBook 15,MacBook 15,Trên 30 triệu,1808318
MacBook,MacBook Air,MacBook Air,Dưới 8 triệu,1500954
MacBook,MacBook Air,MacBook Air,Dưới 8 triệu,1700085
MacBook,MacBook Air,MacBook Air,Dưới 8 triệu,1702056
MacBook,MacBook Air,MacBook Air,Dưới 8 triệu,1800869
MacBook,MacBook Air,MacBook Air,Dưới 8 triệu,1807322
MacBook,MacBook Air,MacBook Air,Từ 22 đến 24 triệu,1702151
MacBook,MacBook Air,MacBook Air,Từ 22 đến 24 triệu,1702514
MacBook,MacBook Air,MacBook Air,Từ 22 đến 24 triệu,1703063
MacBook,MacBook Air,MacBook Air,Từ 24 đến 26 triệu,1601700
MacBook,MacBook Air,MacBook Air,Từ 26 đến 28 triệu,1702503
MacBook,MacBook Air,MacBook Air,Từ 26 đến 28 triệu,1807335
MacBook,MacBook Air,MacBook Air,Trên 30 triệu,18110453
MacBook,MacBook Air,MacBook Air,Trên 30 triệu,18110454
MacBook,MacBook Air,MacBook Air,Trên 30 triệu,18110455
MacBook,MacBook Air,MacBook Air,Trên 30 triệu,18110456
MacBook,MacBook Air,MacBook Air,Trên 30 triệu,18110457
MacBook,MacBook Air,MacBook Air,Trên 30 triệu,18110458
MSI,MSI GE 6x,GE62,Dưới 8 triệu,1702064
MSI,MSI GE 6x,GE63,Dưới 8 triệu,19030197
MSI,MSI GE 6x,GE63,Trên 30 triệu,1806179
MSI,MSI GE 7x,GE73,Trên 30 triệu,1806201
MSI,MSI GE 7x,GE75,Trên 30 triệu,19030198
MSI,MSI GF 6x,GF63,Từ 20 đến 22 triệu,1809174
MSI,MSI GF 6x,GF63,Từ 20 đến 22 triệu,1809175
MSI,MSI GF 6x,GF63,Từ 24 đến 26 triệu,18110380
MSI,MSI GL 6x,GL63,Dưới 8 triệu,19030196
MSI,MSI GL 6x,GL63,Từ 22 đến 24 triệu,1805347
MSI,MSI GL 6x,GL63,Từ 22 đến 24 triệu,1806288
MSI,MSI GL 6x,GL63,Từ 22 đến 24 triệu,1807485
MSI,MSI GL 6x,GL63,Từ 24 đến 26 triệu,1807486
MSI,MSI GL 6x,GL63,Từ 24 đến 26 triệu,19010085
MSI,MSI GL 6x,GL63,Từ 26 đến 28 triệu,1805349
MSI,MSI GL 6x,GL63,Từ 28 đến 30 triệu,1800921
MSI,MSI GL 7x,GL73,Từ 24 đến 26 triệu,1806289
MSI,MSI GL 7x,GL73,Từ 26 đến 28 triệu,1805348
MSI,MSI GP 6x,GP62,Từ 28 đến 30 triệu,1702065
MSI,MSI GP 6x,GP62,Từ 28 đến 30 triệu,1702597
MSI,MSI GP 6x,GP62,Trên 30 triệu,1704877
MSI,MSI GP 6x,GP62,Trên 30 triệu,1800538
MSI,MSI GP 6x,GP63,Từ 28 đến 30 triệu,1807423
MSI,MSI GP 6x,GP63,Trên 30 triệu,1805041
MSI,MSI GP 6x,GP63,Trên 30 triệu,1805042
MSI,MSI GP 6x,GP63,Trên 30 triệu,1807484
MSI,MSI GP 7x,GP72,Từ 26 đến 28 triệu,1702409
MSI,MSI GP 7x,GP72,Từ 26 đến 28 triệu,1703258
MSI,MSI GP 7x,GP73,Trên 30 triệu,1806202
MSI,MSI GP 7x,GP73,Trên 30 triệu,1810387
MSI,MSI GS 6x,GS63,Dưới 8 triệu,1702061
MSI,MSI GS 6x,GS63,Từ 26 đến 28 triệu,1702561
MSI,MSI GS 6x,GS65,Dưới 8 triệu,19030199
MSI,MSI GS 6x,GS65,Trên 30 triệu,1806178
MSI,MSI GS 7x,GS75,Dưới 8 triệu,19030200
MSI,MSI GT 7x,GT75,Dưới 8 triệu,1809428
MSI,MSI GT 7x,GT75,Dưới 8 triệu,1809429
MSI,MSI GT 8x,GT83,Dưới 8 triệu,1809430
MSI,MSI GV 6x,GV62,Dưới 8 triệu,1702062
MSI,MSI GV 6x,GV62,Dưới 8 triệu,1702240
MSI,MSI GV 6x,GV62,Từ 20 đến 22 triệu,1702843
MSI,MSI GV 6x,GV62,Từ 22 đến 24 triệu,1702598
MSI,MSI GV 6x,GV62,Từ 22 đến 24 triệu,1800925
MSI,MSI GV 6x,GV62,Từ 24 đến 26 triệu,1704876
MSI,MSI GV 7x,GV72,Từ 22 đến 24 triệu,1702063
MSI,MSI GV 7x,GV72,Từ 24 đến 26 triệu,1704875
MSI,MSI GV 7x,GV72,Từ 24 đến 26 triệu,1800924
MSI,MSI P6x,P65,Dưới 8 triệu,18110055
MSI,MSI P6x,P65,Trên 30 triệu,18120053
MSI,MSI PS4x,PS42,Dưới 8 triệu,19030195
MSI,MSI PS4x,PS42,Từ 20 đến 22 triệu,1809553
MSI,MSI PS4x,PS42,Từ 22 đến 24 triệu,1809552
MSI,MSI PS4x,PS42,Từ 26 đến 28 triệu,18110056